/*
SQLyog Professional v12.08 (64 bit)
MySQL - 8.0.32 : Database - ac_center
*********************************************************************
*/


/*!40101 SET NAMES utf8 */;

/*!40101 SET SQL_MODE=''*/;

/*!40014 SET @OLD_UNIQUE_CHECKS=@@UNIQUE_CHECKS, UNIQUE_CHECKS=0 */;
/*!40014 SET @OLD_FOREIGN_KEY_CHECKS=@@FOREIGN_KEY_CHECKS, FOREIGN_KEY_CHECKS=0 */;
/*!40101 SET @OLD_SQL_MODE=@@SQL_MODE, SQL_MODE='NO_AUTO_VALUE_ON_ZERO' */;
/*!40111 SET @OLD_SQL_NOTES=@@SQL_NOTES, SQL_NOTES=0 */;
CREATE DATABASE /*!32312 IF NOT EXISTS*/`ac_center` /*!40100 DEFAULT CHARACTER SET utf8mb4 COLLATE utf8mb4_unicode_ci */ /*!80016 DEFAULT ENCRYPTION='N' */;

USE `ac_center`;

/*Table structure for table `sys_attach_config` */

DROP TABLE IF EXISTS `sys_attach_config`;

CREATE TABLE `sys_attach_config` (
  `id` bigint NOT NULL COMMENT '主键',
  `function_name` varchar(255) CHARACTER SET utf8mb3 COLLATE utf8mb3_general_ci DEFAULT NULL COMMENT '功能名',
  `category_code` varchar(255) CHARACTER SET utf8mb3 COLLATE utf8mb3_general_ci DEFAULT NULL COMMENT '内容分类编码',
  `category_name` varchar(255) CHARACTER SET utf8mb3 COLLATE utf8mb3_general_ci DEFAULT NULL COMMENT '内容分类名称',
  `exts` varchar(255) CHARACTER SET utf8mb3 COLLATE utf8mb3_general_ci DEFAULT NULL COMMENT '文件格式',
  `max_count` varchar(255) CHARACTER SET utf8mb3 COLLATE utf8mb3_general_ci DEFAULT NULL COMMENT '上传最大数量',
  `must` varchar(32) DEFAULT NULL COMMENT '是否必填',
  `sort` int DEFAULT NULL COMMENT '排序',
  `remark` varchar(2000) DEFAULT NULL COMMENT '备注',
  `delete_flag` bigint DEFAULT '0' COMMENT '删除标识，默认 0 逻辑删除 1',
  `create_time` datetime DEFAULT NULL COMMENT '创建时间',
  `create_user` bigint DEFAULT NULL COMMENT '创建用户',
  `create_dept` bigint DEFAULT NULL COMMENT '创建记录时用户数所在部门',
  `update_time` datetime DEFAULT NULL COMMENT '更新时间',
  `update_user` bigint DEFAULT NULL COMMENT '更新用户',
  PRIMARY KEY (`id`) USING BTREE,
  KEY `idx_function_name` (`function_name`) USING BTREE
) ENGINE=InnoDB DEFAULT CHARSET=utf8mb3 ROW_FORMAT=DYNAMIC COMMENT='附件配置';

/*Data for the table `sys_attach_config` */

insert  into `sys_attach_config`(`id`,`function_name`,`category_code`,`category_name`,`exts`,`max_count`,`must`,`sort`,`remark`,`delete_flag`,`create_time`,`create_user`,`create_dept`,`update_time`,`update_user`) values (1585151900578790970,'exam','report_book','体检报告','jpg|png','0','Y',1,'的撒发射点发是',0,'2022-11-04 14:21:05',1578920755537121280,-100,'2022-11-04 14:25:18',1578920755537121280);

/*Table structure for table `sys_company` */

DROP TABLE IF EXISTS `sys_company`;

CREATE TABLE `sys_company` (
  `id` bigint NOT NULL COMMENT '主键id',
  `user_id` bigint DEFAULT NULL COMMENT '法人',
  `state` varchar(32) CHARACTER SET utf8mb4 COLLATE utf8mb4_unicode_ci DEFAULT NULL COMMENT '状态',
  `code` varchar(128) CHARACTER SET utf8mb4 COLLATE utf8mb4_unicode_ci DEFAULT NULL COMMENT '企业编码',
  `name` varchar(128) CHARACTER SET utf8mb4 COLLATE utf8mb4_unicode_ci DEFAULT NULL COMMENT '企业名称',
  `type` varchar(64) CHARACTER SET utf8mb4 COLLATE utf8mb4_unicode_ci DEFAULT NULL COMMENT '企业类型',
  `record_id` bigint DEFAULT NULL,
  `record_cancel_id` bigint DEFAULT NULL,
  `remark` varchar(2000) CHARACTER SET utf8mb4 COLLATE utf8mb4_unicode_ci DEFAULT NULL COMMENT '备注',
  `create_time` datetime DEFAULT NULL COMMENT '创建日期',
  `industry_nature` varchar(200) CHARACTER SET utf8mb4 COLLATE utf8mb4_unicode_ci DEFAULT NULL COMMENT '行业性质',
  `police_station_id` bigint DEFAULT NULL COMMENT '所属分局派出所',
  `police_station_name` varchar(200) CHARACTER SET utf8mb4 COLLATE utf8mb4_unicode_ci DEFAULT NULL COMMENT '所属分局派出所',
  `legal_person_name` varchar(100) CHARACTER SET utf8mb4 COLLATE utf8mb4_unicode_ci DEFAULT NULL COMMENT '法人姓名',
  `legal_person_card` varchar(100) CHARACTER SET utf8mb4 COLLATE utf8mb4_unicode_ci DEFAULT NULL COMMENT '法人身份证号',
  `legal_person_tel` varchar(100) CHARACTER SET utf8mb4 COLLATE utf8mb4_unicode_ci DEFAULT NULL COMMENT '法人联系电话',
  `contact_person_name` varchar(100) CHARACTER SET utf8mb4 COLLATE utf8mb4_unicode_ci DEFAULT NULL COMMENT '企业联系人',
  `contact_person_tel` varchar(100) CHARACTER SET utf8mb4 COLLATE utf8mb4_unicode_ci DEFAULT NULL COMMENT '企业联系人电话',
  `business_nature` varchar(100) CHARACTER SET utf8mb4 COLLATE utf8mb4_unicode_ci DEFAULT NULL COMMENT '经营性质',
  `business_range` varchar(1000) CHARACTER SET utf8mb4 COLLATE utf8mb4_unicode_ci DEFAULT NULL COMMENT '经营范围',
  `business_adress` varchar(1000) CHARACTER SET utf8mb4 COLLATE utf8mb4_unicode_ci DEFAULT NULL COMMENT '经营地址',
  `address_coordinate` varchar(200) CHARACTER SET utf8mb4 COLLATE utf8mb4_unicode_ci DEFAULT NULL COMMENT '地址坐标',
  `person_num` int DEFAULT NULL COMMENT '从业人数',
  `safe_rule_remark` varchar(100) CHARACTER SET utf8mb4 COLLATE utf8mb4_unicode_ci DEFAULT NULL COMMENT '安全制度建立情况',
  `fire_safe_rule` varchar(100) CHARACTER SET utf8mb4 COLLATE utf8mb4_unicode_ci DEFAULT NULL COMMENT '消防设施安装情况',
  `province` varchar(255) CHARACTER SET utf8mb4 COLLATE utf8mb4_unicode_ci DEFAULT NULL,
  `city` varchar(255) CHARACTER SET utf8mb4 COLLATE utf8mb4_unicode_ci DEFAULT NULL,
  `county` varchar(255) CHARACTER SET utf8mb4 COLLATE utf8mb4_unicode_ci DEFAULT NULL,
  `status` varchar(100) CHARACTER SET utf8mb4 COLLATE utf8mb4_unicode_ci DEFAULT NULL COMMENT '1正常2停用',
  `update_time` datetime DEFAULT NULL,
  PRIMARY KEY (`id`)
) ENGINE=InnoDB DEFAULT CHARSET=utf8mb4 COLLATE=utf8mb4_unicode_ci COMMENT='企业信息';

/*Data for the table `sys_company` */

insert  into `sys_company`(`id`,`user_id`,`state`,`code`,`name`,`type`,`record_id`,`record_cancel_id`,`remark`,`create_time`,`industry_nature`,`police_station_id`,`police_station_name`,`legal_person_name`,`legal_person_card`,`legal_person_tel`,`contact_person_name`,`contact_person_tel`,`business_nature`,`business_range`,`business_adress`,`address_coordinate`,`person_num`,`safe_rule_remark`,`fire_safe_rule`,`province`,`city`,`county`,`status`,`update_time`) values (1578613162172223488,1578613162172223488,'init','changpengcompany','常鹏测试企业','market',NULL,NULL,NULL,'2022-10-08 13:08:02',NULL,NULL,NULL,NULL,NULL,NULL,NULL,NULL,NULL,NULL,NULL,NULL,NULL,NULL,NULL,NULL,NULL,NULL,NULL,NULL),(1578920755537121280,1578920755537121280,'init','cpss','常鹏保安公司','ss',NULL,NULL,NULL,'2022-10-09 09:30:18',NULL,1542697351490084865,'长春市宽城区分局长新街派出所',NULL,NULL,NULL,NULL,NULL,NULL,NULL,NULL,NULL,NULL,NULL,NULL,NULL,NULL,NULL,NULL,NULL),(1579023371965304832,1579023371965304832,'init','zhaoxun','兆讯信息技术股份有限公司','market',NULL,NULL,NULL,'2022-10-09 16:18:03','industryNature_03',1542431691807735810,NULL,'汪汪','222222222','13111111111','周庆','13756881967','businessNature_01','范围','人民大街',NULL,20,'safeRuleRemark_01',NULL,NULL,NULL,NULL,NULL,NULL),(1579299843988787200,1579299843988787200,'init','changpengcs','常鹏最新测试企业','market,mental,ss',NULL,NULL,NULL,'2022-10-10 10:36:39',NULL,NULL,NULL,NULL,NULL,NULL,NULL,NULL,NULL,NULL,NULL,NULL,NULL,NULL,NULL,NULL,NULL,NULL,NULL,NULL),(1579650755148124160,1579650755148124160,'init','qy001','企业一号','mental,ss',NULL,NULL,NULL,'2022-10-11 09:51:03',NULL,NULL,NULL,NULL,NULL,NULL,NULL,NULL,NULL,NULL,NULL,NULL,NULL,NULL,NULL,NULL,NULL,NULL,NULL,NULL),(1580081892181938176,1580081892181938176,'record_cancel','test123','长春保安公司','market,ss',1592688503648047655,NULL,NULL,'2022-10-12 14:24:14',NULL,1542431065283575810,'长春市朝阳区分局','2','222','222',NULL,NULL,NULL,'门卫,守护,区域秩序维护,安全风险评估,安全技术防范,其他','123',NULL,1,NULL,NULL,'1','2','14',NULL,NULL),(1580436196340273152,1580436196340273152,'init','zzz','zz','market',NULL,NULL,NULL,'2022-10-13 13:52:07','industryNature_03',1534387612398215169,NULL,'','','','zz','zzzz','businessNature_02','zzz','',NULL,NULL,'safeRuleRemark_02',NULL,NULL,NULL,NULL,NULL,NULL),(1583274078981591040,1583274078981591040,'init','test1231','长春保安公司','market,system',NULL,NULL,NULL,'2022-10-21 09:48:51',NULL,NULL,NULL,NULL,NULL,NULL,NULL,NULL,NULL,NULL,NULL,NULL,NULL,NULL,NULL,NULL,NULL,NULL,NULL,NULL),(1583274536483688448,1583274536483688448,'init','zhouq123','我的公司撒啊啊打发','market,ss',NULL,NULL,NULL,'2022-10-21 09:50:40',NULL,NULL,NULL,NULL,NULL,NULL,NULL,NULL,NULL,NULL,NULL,NULL,NULL,NULL,NULL,NULL,NULL,NULL,NULL,NULL),(1584726257684715274,1584726257684715274,'init','zhouq22','回收手机','market',NULL,NULL,NULL,'2022-10-25 15:35:23','industryNature_01',1534387612398215169,NULL,'','','','333','333','businessNature_01','2222','',NULL,2,'safeRuleRemark_02',NULL,NULL,NULL,NULL,NULL,NULL),(1584726257684716076,1584726257684716076,'init','zhouaa','顶顶顶顶','market',NULL,NULL,NULL,'2022-10-25 17:12:34',NULL,NULL,NULL,NULL,NULL,NULL,NULL,NULL,NULL,NULL,NULL,NULL,NULL,NULL,NULL,NULL,NULL,NULL,NULL,NULL),(1584726257684717674,1584726257684717674,'init','ceshi123','121212','cyry,system',NULL,NULL,NULL,'2022-10-25 19:11:36',NULL,NULL,NULL,NULL,NULL,NULL,NULL,NULL,NULL,NULL,NULL,NULL,NULL,NULL,NULL,NULL,NULL,NULL,NULL,NULL),(1584726257684717874,1584726257684717874,'init','ceshi123456','ceshi123456','cyry,system',NULL,NULL,NULL,'2022-10-25 19:23:58',NULL,NULL,NULL,NULL,NULL,NULL,NULL,NULL,NULL,NULL,NULL,NULL,NULL,NULL,NULL,NULL,NULL,NULL,NULL,NULL),(1584726257684718074,1584726257684718074,'init','test789','test789','affair,cyry,market,ss',NULL,NULL,NULL,'2022-10-26 07:53:21','industryNature_03',1534400496343801858,NULL,'','','','ddd','fffff','businessNature_02','ddddddd','',NULL,NULL,'safeRuleRemark_01',NULL,NULL,NULL,NULL,NULL,NULL),(1592688503648028653,1592688503648028653,'init','test1234','长春保安公司','market,ss',NULL,NULL,NULL,'2022-11-17 16:49:52',NULL,NULL,NULL,NULL,NULL,NULL,NULL,NULL,NULL,NULL,NULL,NULL,NULL,NULL,NULL,NULL,NULL,NULL,NULL,NULL);

/*Table structure for table `sys_config` */

DROP TABLE IF EXISTS `sys_config`;

CREATE TABLE `sys_config` (
  `id` bigint NOT NULL COMMENT '主键',
  `name` varchar(200) NOT NULL COMMENT '名称',
  `code` varchar(200) NOT NULL COMMENT '属性编码标识',
  `dict_flag` char(1) NOT NULL COMMENT '是否是字典中的值',
  `dict_type_id` bigint DEFAULT NULL COMMENT '字典类型的编码',
  `value` varchar(200) NOT NULL COMMENT '属性值，如果是字典中的类型，则为dict的code',
  `remark` varchar(200) DEFAULT NULL COMMENT '备注',
  `create_time` datetime DEFAULT NULL COMMENT '创建时间',
  `create_user` bigint DEFAULT NULL COMMENT '创建人',
  `update_time` datetime DEFAULT NULL COMMENT '更新时间',
  `update_user` bigint DEFAULT NULL COMMENT '更新人',
  PRIMARY KEY (`id`) USING BTREE
) ENGINE=InnoDB DEFAULT CHARSET=utf8mb3 ROW_FORMAT=DYNAMIC COMMENT='参数配置';

/*Data for the table `sys_config` */

insert  into `sys_config`(`id`,`name`,`code`,`dict_flag`,`dict_type_id`,`value`,`remark`,`create_time`,`create_user`,`update_time`,`update_user`) values (11111111111,'系统部门权限','SYS_DEPT_DIVIDE_STATUS','N',NULL,'开',NULL,NULL,NULL,NULL,NULL),(1143324237579165697,'验证码开关','GUNS_KAPTCHA_OPEN','Y',1106120265689055233,'ENABLE','是否开启验证码','2019-06-24 12:46:43',1,'2023-06-07 16:14:45',NULL),(1143386834613694465,'阿里云短信的keyId','GUNS_SMS_ACCESSKEY_ID','N',NULL,'xxxkey','阿里云短信的密钥key','2019-06-25 13:13:59',1,'2019-06-25 13:19:21',1),(1143386953933254657,'阿里云短信的secret','GUNS_SMS_ACCESSKEY_SECRET','N',NULL,'xxxsecret','阿里云短信的secret','2019-06-25 13:14:28',1,NULL,NULL),(1143387023449649154,'阿里云短信的签名','GUNS_SMS_SIGN_NAME','N',NULL,'xxxsign','阿里云短信的签名','2019-06-25 13:14:44',1,NULL,NULL),(1143387131109044225,'阿里云短信登录的模板号','GUNS_SMS_LOGIN_TEMPLATE_CODE','N',NULL,'SMS_XXXXXX','阿里云短信登录的模板号','2019-06-25 13:15:10',1,NULL,NULL),(1143387225019510785,'验证码短信失效时间','GUNS_SMS_INVALIDATE_MINUTES','N',NULL,'2','验证码短信失效时间','2019-06-25 13:15:32',1,NULL,NULL),(1143468689664876546,'管理系统名称','GUNS_SYSTEM_NAME','N',NULL,'数字服务平台','数字服务平台','2019-06-25 18:39:15',1,'2023-06-07 16:35:35',NULL),(1143468867767607297,'默认系统密码','GUNS_DEFAULT_PASSWORD','N',NULL,'123456','默认系统密码','2019-06-25 18:39:57',1,'2022-10-12 16:49:38',1),(1143469008025133058,'OAuth2登录用户的账号标识','GUNS_OAUTH2_PREFIX','N',NULL,'oauth2','OAuth2登录用户的账号标识','2019-06-25 18:40:31',1,NULL,NULL),(1145207130463191041,'顶部导航条是否开启','GUNS_DEFAULT_ADVERT','Y',1106120265689055233,'ENABLE','顶部Guns广告是否开启','2019-06-30 13:47:11',1,'2019-06-30 13:47:20',1),(1145915627211370498,'Guns发布的编号','GUNS_SYSTEM_RELEASE_VERSION','N',NULL,'20191029','用于防止浏览器缓存相关的js和css','2019-07-02 12:42:30',1,NULL,NULL),(1145915627211370499,'文件上传路径','GUNS_FILE_UPLOAD_PATH','N',NULL,'C:/upload/file','文件上传默认目录','2019-08-30 09:10:40',1,'2023-06-07 16:48:14',NULL),(1145915627211370500,'BPMN文件上传路径','GUNS_BPMN_FILE_UPLOAD_PATH','N',NULL,'C:/upload/tmp/gunsTempFiles/','工作流文件上传默认目录','2019-08-30 09:10:40',1,'2023-06-07 16:48:26',NULL),(1145915627211370501,'获取系统地密钥过期时间','GUNS_JWT_SECRET_EXPIRE','N',NULL,'86400','获取系统地密钥过期时间（单位：秒），默认1天','2019-10-16 23:02:39',1,NULL,NULL),(1145915627211370502,'获取token的header标识','GUNS_TOKEN_HEADER_NAME','N',NULL,'Authorization','获取token的header标识','2019-10-16 23:02:39',1,NULL,NULL),(1145915627211370503,'获取租户是否开启的标识','GUNS_TENANT_OPEN','Y',1106120265689055233,'DISABLE','获取租户是否开启的标识，默认是关的','2019-10-16 23:02:39',1,NULL,NULL),(1159621696235200513,'默认主页链接','GUNS_MENU_DEFAULT_PATH','N',NULL,'/index','进入应用默认打开首页','2019-08-09 08:25:32',1,'2020-06-08 11:20:40',1),(1232581702810664961,'jwt密钥','GUNS_JWT_SECRET','N',NULL,'5tj0qsshnte9rg6163ojaca6vcuprt77','jwt密钥','2020-02-26 16:22:33',1,NULL,NULL),(1235569994593480706,'默认部门','GUNS_DEFAULT_DEPT_ID','N',NULL,'999999999999','','2020-03-05 22:16:57',1,NULL,NULL),(1273852318350880770,'系统域名','SYSTEM_DOMAIN_NAME','N',NULL,'http://liubq.com','系统发布的域名，未来可能用于配置第三方回调地址前缀使用','2020-06-19 13:37:14',1,'2023-06-07 16:35:53',NULL),(1420558941299527681,'小程序appid','ws_appId','N',NULL,'wx538d1ce9fa34f963','','2021-07-29 09:36:59',1,'2022-05-06 14:39:20',1),(1420560518496243714,'小程序appSecret','ws_appSecret','N',NULL,'898719f357a87510470de89e168175b1','','2021-07-29 09:43:15',1,'2022-05-06 16:50:46',1),(1422396460672577537,'注册审核模板消息id','register_template_id','N',NULL,'sbR0DG_2DG0POvZPHM3jwO5XA0iQXcQSCJwA6qWBMWg','','2021-08-03 11:18:38',1,'2022-06-15 17:36:18',1),(1537006310710157314,'预约取消消息通知','reserve_template_id_jj','N',NULL,'k3RD9S-ELiHT3mD195LlZHK-ZUE7o2MOswJm4teXJcs','','2022-06-15 17:37:15',1,NULL,NULL),(1537006429518012418,'预约成功消息提醒','reserve_template_id_cg','N',NULL,'kan-yrKC1K7v6LLsGJxW1neO3i16ISUeG86JtxPQNgM','','2022-06-15 17:37:44',1,NULL,NULL);

/*Table structure for table `sys_dept` */

DROP TABLE IF EXISTS `sys_dept`;

CREATE TABLE `sys_dept` (
  `dept_id` bigint NOT NULL COMMENT '主键id',
  `pid` bigint DEFAULT '0' COMMENT '父部门id',
  `pids` varchar(512) DEFAULT '' COMMENT '父级ids',
  `simple_name` varchar(50) DEFAULT NULL COMMENT '简称',
  `full_name` varchar(255) DEFAULT NULL COMMENT '全称',
  `dept_path` varchar(500) CHARACTER SET utf8mb3 COLLATE utf8mb3_general_ci DEFAULT NULL COMMENT '部门路径',
  `dept_region` bigint DEFAULT NULL COMMENT '部门所属区域',
  `dept_region_name` varchar(255) DEFAULT NULL,
  `leader_id` bigint DEFAULT NULL COMMENT '部门负责人',
  `audit_user` bigint DEFAULT NULL COMMENT '审批负责人',
  `dept_type` varchar(50) DEFAULT NULL COMMENT '部门类型',
  `dingtalk_id` varchar(50) DEFAULT NULL COMMENT '钉钉的部门id',
  `description` varchar(255) CHARACTER SET utf8mb3 COLLATE utf8mb3_general_ci DEFAULT NULL COMMENT '描述',
  `version` int DEFAULT NULL COMMENT '版本（乐观锁保留字段）',
  `sort` int DEFAULT NULL COMMENT '排序',
  `create_time` datetime DEFAULT NULL COMMENT '创建时间',
  `update_time` datetime DEFAULT NULL COMMENT '修改时间',
  `create_user` bigint DEFAULT NULL COMMENT '创建人',
  `update_user` bigint DEFAULT NULL COMMENT '修改人',
  PRIMARY KEY (`dept_id`) USING BTREE,
  KEY `idx_dingtalk_id` (`dingtalk_id`) USING BTREE,
  KEY `idx_name` (`simple_name`) USING BTREE,
  KEY `idx_pid` (`pid`) USING BTREE,
  KEY `idx_pids` (`pids`) USING BTREE
) ENGINE=InnoDB DEFAULT CHARSET=utf8mb3 ROW_FORMAT=DYNAMIC COMMENT='部门表';

/*Data for the table `sys_dept` */

insert  into `sys_dept`(`dept_id`,`pid`,`pids`,`simple_name`,`full_name`,`dept_path`,`dept_region`,`dept_region_name`,`leader_id`,`audit_user`,`dept_type`,`dingtalk_id`,`description`,`version`,`sort`,`create_time`,`update_time`,`create_user`,`update_user`) values (1,0,'[0],','长春市','长春市','长春市',2,NULL,NULL,NULL,'02',NULL,NULL,NULL,1,'2022-09-26 13:22:31',NULL,-100,NULL);

/*Table structure for table `sys_dict` */

DROP TABLE IF EXISTS `sys_dict`;

CREATE TABLE `sys_dict` (
  `dict_id` bigint NOT NULL COMMENT '字典id',
  `dict_type_id` bigint NOT NULL COMMENT '所属字典类型的id',
  `dict_type_code` varchar(200) DEFAULT NULL COMMENT '所属字典类型编码',
  `code` varchar(50) NOT NULL COMMENT '字典编码',
  `name` varchar(255) NOT NULL COMMENT '字典名称',
  `parent_id` bigint NOT NULL COMMENT '上级代码id',
  `parent_ids` varchar(255) DEFAULT NULL COMMENT '所有上级id',
  `status` varchar(10) NOT NULL DEFAULT 'ENABLE' COMMENT '状态（字典）',
  `sort` int DEFAULT NULL COMMENT '排序',
  `description` varchar(1000) DEFAULT NULL COMMENT '字典的描述',
  `create_time` datetime DEFAULT NULL COMMENT '创建时间',
  `update_time` datetime DEFAULT NULL COMMENT '更新时间',
  `create_user` bigint DEFAULT NULL COMMENT '创建人',
  `update_user` bigint DEFAULT NULL COMMENT '修改人',
  PRIMARY KEY (`dict_id`) USING BTREE,
  KEY `idx_dict_type_code` (`dict_type_code`) USING BTREE,
  KEY `idx_dict_type_id` (`dict_type_id`) USING BTREE
) ENGINE=InnoDB DEFAULT CHARSET=utf8mb3 ROW_FORMAT=DYNAMIC COMMENT='基础字典';

/*Data for the table `sys_dict` */

insert  into `sys_dict`(`dict_id`,`dict_type_id`,`dict_type_code`,`code`,`name`,`parent_id`,`parent_ids`,`status`,`sort`,`description`,`create_time`,`update_time`,`create_user`,`update_user`) values (1106120532442595330,1106120208097067009,'SEX','M','男性',0,'[0]','ENABLE',NULL,'','2019-03-14 17:11:00','2020-12-12 15:03:41',1,1),(1106120574163337218,1106120208097067009,'SEX','F','女性',0,'[0]','ENABLE',NULL,'','2019-03-14 17:11:10','2020-12-12 15:03:50',1,1),(1106120645697191938,1106120265689055233,'STATUS','ENABLE','启用',0,'[0]','ENABLE',NULL,'','2019-03-14 17:11:27',NULL,1,NULL),(1106120699468169217,1106120265689055233,'STATUS','DISABLE','禁用',0,'[0]','ENABLE',NULL,'','2019-03-14 17:11:40',NULL,1,NULL),(1106120784318939137,1106120322450571266,'ACCOUNT_STATUS','ENABLE','启用',0,'[0]','ENABLE',NULL,'','2019-03-14 17:12:00',NULL,1,NULL),(1106120825993543682,1106120322450571266,'ACCOUNT_STATUS','FREEZE','冻结',0,'[0]','ENABLE',1,'','2019-03-14 17:12:10','2019-03-16 10:56:36',1,1),(1106120875872206849,1106120322450571266,'ACCOUNT_STATUS','DELETED','已删除',0,'[0]','ENABLE',-1221,'','2019-03-14 17:12:22','2019-03-16 10:56:53',1,1),(1106120935070613505,1106120388036902914,'DEL_FLAG','Y','删除',0,'[0]','ENABLE',23333,'','2019-03-14 17:12:36','2019-03-16 10:58:53',1,1),(1106120968910258177,1106120388036902914,'DEL_FLAG','N','未删除',0,'[0]','ENABLE',1212211221,'','2019-03-14 17:12:44','2019-03-16 10:59:03',1,1),(1160533174626959361,1160532704105742337,'FLOW_CATEGARY','00101','办公审批',0,'[0]','ENABLE',10,'','2019-08-11 20:47:25',NULL,1,NULL),(1160533264645111810,1160532704105742337,'FLOW_CATEGARY','00102','行政审批',0,'[0]','ENABLE',20,'','2019-08-11 20:47:47',NULL,1,NULL),(1160533377727741954,1160532775455047681,'FLOW_KEY','KEY_LEAVE','请假流程标识',0,'[0]','ENABLE',10,'','2019-08-11 20:48:14',NULL,1,NULL),(1160533455343337474,1160532775455047681,'FLOW_KEY','KEY_FINANCE','财务流程标识',0,'[0]','ENABLE',20,'','2019-08-11 20:48:32',NULL,1,NULL),(1160533574843252737,1160532886713155585,'LEAVE_TYPE','00401','事假',0,'[0]','ENABLE',9,'','2019-08-11 20:49:01','2020-10-26 13:10:13',1,1),(1160533625615302658,1160532886713155585,'LEAVE_TYPE','00402','病假',0,'[0]','ENABLE',8,'','2019-08-11 20:49:13','2020-10-26 13:08:54',1,1),(1160533765403066370,1160532886713155585,'LEAVE_TYPE','00404','产检假',0,'[0]','ENABLE',10,'','2019-08-11 20:49:46','2020-10-26 13:10:43',1,1),(1160533863834992641,1160532886713155585,'LEAVE_TYPE','00405','产假',0,'[0]','ENABLE',4,'','2019-08-11 20:50:09','2020-10-26 13:09:14',1,1),(1160533945309347841,1160532886713155585,'LEAVE_TYPE','00406','哺乳假',0,'[0]','ENABLE',12,'','2019-08-11 20:50:29','2020-10-26 13:11:25',1,1),(1160534007389241346,1160532886713155585,'LEAVE_TYPE','00407','节育假',0,'[0]','ENABLE',11,'','2019-08-11 20:50:44','2020-10-26 13:10:52',1,1),(1225019745332129793,1225019207840460802,'EDUCATION','11','博士研究生',0,'[0]','ENABLE',1,'','2020-02-05 19:34:02','2020-02-06 10:05:09',1,1),(1225019814739472386,1225019207840460802,'EDUCATION','15','研究生学历',0,'[0]','ENABLE',2,'','2020-02-05 19:34:18','2020-12-12 15:36:42',1,1),(1225019933161451521,1225019207840460802,'EDUCATION','20','高等院校本科学历',0,'[0]','ENABLE',3,'','2020-02-05 19:34:46','2020-12-12 15:35:42',1,1),(1225019985934184450,1225019207840460802,'EDUCATION','30','高等院校大专学历',0,'[0]','ENABLE',4,'','2020-02-05 19:34:59','2020-12-12 15:36:01',1,1),(1225020029001297921,1225019207840460802,'EDUCATION','41','职校（中专学历）',0,'[0]','ENABLE',5,'','2020-02-05 19:35:09','2020-12-12 15:37:32',1,1),(1225239378509168641,1225019207840460802,'EDUCATION','61','普高（高中学历）',0,'[0]','ENABLE',8,'','2020-02-06 10:06:46','2020-12-12 15:36:26',1,1),(1225239525334974465,1225019207840460802,'EDUCATION','90','其他',0,'[0]','ENABLE',10,'','2020-02-06 10:07:21',NULL,1,NULL),(1225240046066204673,1225239910443384833,'PERSONNELTYPE','A','专业技术管理',0,'[0]','ENABLE',1,'','2020-02-06 10:09:25',NULL,1,NULL),(1225240104782266370,1225239910443384833,'PERSONNELTYPE','B','生产操作服务',0,'[0]','ENABLE',2,'','2020-02-06 10:09:39',NULL,1,NULL),(1225240705066860545,1225240556991152129,'EMPLOYMENTFORM','FORM_1','借调',0,'[0]','ENABLE',91,'','2020-02-06 10:12:03','2020-12-12 15:16:40',1,1),(1225241211742978050,1225241105346068482,'NATION','1','汉族',0,'[0]','ENABLE',1,'','2020-02-06 10:14:03',NULL,1,NULL),(1225241279204163586,1225241105346068482,'NATION','2','蒙古族',0,'[0]','ENABLE',2,'','2020-02-06 10:14:20',NULL,1,NULL),(1225241351308443650,1225241105346068482,'NATION','3','回族',0,'[0]','ENABLE',3,'','2020-02-06 10:14:37',NULL,1,NULL),(1225241420057280513,1225241105346068482,'NATION','4','藏族',0,'[0]','ENABLE',4,'','2020-02-06 10:14:53',NULL,1,NULL),(1225241480908242946,1225241105346068482,'NATION','5','维吾尔族',0,'[0]','ENABLE',5,'','2020-02-06 10:15:08',NULL,1,NULL),(1225241531697070081,1225241105346068482,'NATION','6','苗族',0,'[0]','ENABLE',6,'','2020-02-06 10:15:20',NULL,1,NULL),(1225241583928737794,1225241105346068482,'NATION','7','彝族',0,'[0]','ENABLE',7,'','2020-02-06 10:15:32',NULL,1,NULL),(1225241627419475970,1225241105346068482,'NATION','8','壮族',0,'[0]','ENABLE',8,'','2020-02-06 10:15:43',NULL,1,NULL),(1225241692888367106,1225241105346068482,'NATION','9','布依族',0,'[0]','ENABLE',9,'','2020-02-06 10:15:58',NULL,1,NULL),(1225241746088919041,1225241105346068482,'NATION','10','朝鲜族',0,'[0]','ENABLE',10,'','2020-02-06 10:16:11',NULL,1,NULL),(1225241788120039425,1225241105346068482,'NATION','11','满族',0,'[0]','ENABLE',11,'','2020-02-06 10:16:21',NULL,1,NULL),(1225241835792498689,1225241105346068482,'NATION','12','侗族',0,'[0]','ENABLE',12,'','2020-02-06 10:16:32',NULL,1,NULL),(1225241883779530753,1225241105346068482,'NATION','13','瑶族',0,'[0]','ENABLE',13,'','2020-02-06 10:16:44',NULL,1,NULL),(1225241932840304642,1225241105346068482,'NATION','14','白族',0,'[0]','ENABLE',14,'','2020-02-06 10:16:55',NULL,1,NULL),(1225241978004570114,1225241105346068482,'NATION','15','土家族',0,'[0]','ENABLE',15,'','2020-02-06 10:17:06',NULL,1,NULL),(1225242628650172418,1225241105346068482,'NATION','16','哈尼族',0,'[0]','ENABLE',16,'','2020-02-06 10:19:41',NULL,1,NULL),(1225242678566584321,1225241105346068482,'NATION','17','哈萨克族',0,'[0]','ENABLE',17,'','2020-02-06 10:19:53',NULL,1,NULL),(1225242731045715970,1225241105346068482,'NATION','18','傣族',0,'[0]','ENABLE',18,'','2020-02-06 10:20:06',NULL,1,NULL),(1225242780647555074,1225241105346068482,'NATION','19','黎族',0,'[0]','ENABLE',19,'','2020-02-06 10:20:17',NULL,1,NULL),(1225242843721498625,1225241105346068482,'NATION','20','傈僳族',0,'[0]','ENABLE',20,'','2020-02-06 10:20:33',NULL,1,NULL),(1225242890760617986,1225241105346068482,'NATION','21','佤族',0,'[0]','ENABLE',21,'','2020-02-06 10:20:44',NULL,1,NULL),(1225242954442735617,1225241105346068482,'NATION','22','畲族',0,'[0]','ENABLE',22,'','2020-02-06 10:20:59',NULL,1,NULL),(1225243021362855937,1225241105346068482,'NATION','23','高山族',0,'[0]','ENABLE',23,'','2020-02-06 10:21:15',NULL,1,NULL),(1225243100106719233,1225241105346068482,'NATION','24','拉祜族',0,'[0]','ENABLE',24,'','2020-02-06 10:21:34',NULL,1,NULL),(1225243947385487362,1225241105346068482,'NATION','25','水族',0,'[0]','ENABLE',25,'','2020-02-06 10:24:56',NULL,1,NULL),(1225243996987326466,1225241105346068482,'NATION','26','东乡族',0,'[0]','ENABLE',26,'','2020-02-06 10:25:07',NULL,1,NULL),(1225244067447439361,1225241105346068482,'NATION','27','纳西族',0,'[0]','ENABLE',27,'','2020-02-06 10:25:24',NULL,1,NULL),(1225244124183789570,1225241105346068482,'NATION','28','景颇族',0,'[0]','ENABLE',28,'','2020-02-06 10:25:38',NULL,1,NULL),(1225244189547823105,1225241105346068482,'NATION','29','柯尔克孜族',0,'[0]','ENABLE',29,'','2020-02-06 10:25:53','2020-02-06 10:26:12',1,1),(1225244323123822593,1225241105346068482,'NATION','30','土族',0,'[0]','ENABLE',30,'','2020-02-06 10:26:25',NULL,1,NULL),(1225244369957421058,1225241105346068482,'NATION','31','达斡尔族',0,'[0]','ENABLE',31,'','2020-02-06 10:26:36',NULL,1,NULL),(1225244420880465921,1225241105346068482,'NATION','32','仫佬族',0,'[0]','ENABLE',32,'','2020-02-06 10:26:49',NULL,1,NULL),(1225244467881836545,1225241105346068482,'NATION','33','羌族',0,'[0]','ENABLE',33,'','2020-02-06 10:27:00',NULL,1,NULL),(1225244515738845186,1225241105346068482,'NATION','34','布朗族',0,'[0]','ENABLE',34,'','2020-02-06 10:27:11',NULL,1,NULL),(1225244560563372034,1225241105346068482,'NATION','35','撒拉族',0,'[0]','ENABLE',35,'','2020-02-06 10:27:22',NULL,1,NULL),(1225244611368976385,1225241105346068482,'NATION','36','毛南族',0,'[0]','ENABLE',36,'','2020-02-06 10:27:34',NULL,1,NULL),(1225244655765684225,1225241105346068482,'NATION','37','仡佬族',0,'[0]','ENABLE',37,'','2020-02-06 10:27:45',NULL,1,NULL),(1225244703303925761,1225241105346068482,'NATION','38','锡伯族',0,'[0]','ENABLE',38,'','2020-02-06 10:27:56',NULL,1,NULL),(1225244750313684994,1225241105346068482,'NATION','39','阿昌族',0,'[0]','ENABLE',39,'','2020-02-06 10:28:07',NULL,1,NULL),(1225244796350365698,1225241105346068482,'NATION','40','普米族',0,'[0]','ENABLE',40,'','2020-02-06 10:28:18',NULL,1,NULL),(1225244853078327297,1225241105346068482,'NATION','41','塔吉克族',0,'[0]','ENABLE',41,'','2020-02-06 10:28:32',NULL,1,NULL),(1225244906220158977,1225241105346068482,'NATION','42','怒族',0,'[0]','ENABLE',42,'','2020-02-06 10:28:44',NULL,1,NULL),(1225244964764254210,1225241105346068482,'NATION','43','乌孜别克族',0,'[0]','ENABLE',43,'','2020-02-06 10:28:58',NULL,1,NULL),(1225245022712758273,1225241105346068482,'NATION','44','俄罗斯族',0,'[0]','ENABLE',44,'','2020-02-06 10:29:12',NULL,1,NULL),(1225245071798697986,1225241105346068482,'NATION','45','鄂温克族',0,'[0]','ENABLE',45,'','2020-02-06 10:29:24',NULL,1,NULL),(1225245120326795265,1225241105346068482,'NATION','46','德昂族',0,'[0]','ENABLE',46,'','2020-02-06 10:29:35',NULL,1,NULL),(1225245166996815873,1225241105346068482,'NATION','47','保安族',0,'[0]','ENABLE',47,'','2020-02-06 10:29:46',NULL,1,NULL),(1225245214275010562,1225241105346068482,'NATION','48','裕固族',0,'[0]','ENABLE',48,'','2020-02-06 10:29:58',NULL,1,NULL),(1225245278233952258,1225241105346068482,'NATION','49','京族',0,'[0]','ENABLE',49,'','2020-02-06 10:30:13',NULL,1,NULL),(1225245335255515138,1225241105346068482,'NATION','50','塔塔尔族',0,'[0]','ENABLE',50,'','2020-02-06 10:30:27','2020-02-06 10:30:42',1,1),(1225245463966121986,1225241105346068482,'NATION','51','独龙族',0,'[0]','ENABLE',51,'','2020-02-06 10:30:57',NULL,1,NULL),(1225245510141214722,1225241105346068482,'NATION','52','鄂伦春族',0,'[0]','ENABLE',52,'','2020-02-06 10:31:08',NULL,1,NULL),(1225245659227750401,1225241105346068482,'NATION','53','赫哲族',0,'[0]','ENABLE',53,'','2020-02-06 10:31:44',NULL,1,NULL),(1225245708535988225,1225241105346068482,'NATION','54','门巴族',0,'[0]','ENABLE',54,'','2020-02-06 10:31:56',NULL,1,NULL),(1225245754484588546,1225241105346068482,'NATION','55','珞巴族',0,'[0]','ENABLE',55,'','2020-02-06 10:32:06',NULL,1,NULL),(1225245798319259649,1225241105346068482,'NATION','56','基诺族',0,'[0]','ENABLE',56,'','2020-02-06 10:32:17',NULL,1,NULL),(1225245845643591681,1225241105346068482,'NATION','57','其他',0,'[0]','ENABLE',57,'','2020-02-06 10:32:28',NULL,1,NULL),(1225245904313516034,1225241105346068482,'NATION','58','外国血统',0,'[0]','ENABLE',58,'','2020-02-06 10:32:42',NULL,1,NULL),(1225246262209282050,1225246152842805250,'ONJOBSTATE','JOB_1','在职',0,'[0]','ENABLE',0,'','2020-02-06 10:34:08','2020-12-12 16:55:49',1,1),(1225246608751067137,1225246514005934081,'PERSONNELSOURCE','SOURCE_1','社会招聘',0,'[0]','ENABLE',1,'','2020-02-06 10:35:30',NULL,1,NULL),(1225246668394070017,1225246514005934081,'PERSONNELSOURCE','SOURCE_2','新毕业生',0,'[0]','ENABLE',2,'','2020-02-06 10:35:44',NULL,1,NULL),(1225248681701933057,1225248463702982657,'DEGREEDESCRIBE','2000','博士',0,'[0]','ENABLE',1,'','2020-02-06 10:43:44','2020-12-12 15:33:21',1,1),(1225248736215302146,1225248463702982657,'DEGREEDESCRIBE','3000','硕士',0,'[0]','ENABLE',1,'','2020-02-06 10:43:57','2020-12-12 15:32:40',1,1),(1225248795162050562,1225248463702982657,'DEGREEDESCRIBE','4000','学士',0,'[0]','ENABLE',2,'','2020-02-06 10:44:11','2020-12-12 15:32:34',1,1),(1225248844734529537,1225248463702982657,'DEGREEDESCRIBE','0000','无',0,'[0]','ENABLE',5000,'','2020-02-06 10:44:23','2020-04-15 22:04:14',1,1),(1231194724285321217,1231194622678306818,'postType','postType_1','生产操作服务',0,'[0]','ENABLE',3,'隶属于操作岗','2020-02-22 20:31:11','2020-11-04 08:36:40',1,1),(1231194847933403137,1231194622678306818,'postType','postType_2','专业技术管理',0,'[0]','ENABLE',1,'隶属于管理岗','2020-02-22 20:31:41','2020-11-04 08:36:29',1,1),(1231195019832758273,1231194949716578306,'postLevel','M1','M1',0,'[0]','ENABLE',1,'','2020-02-22 20:32:22','2020-02-22 20:34:24',1,1),(1231195059372462081,1231194949716578306,'postLevel','M2','M2',0,'[0]','ENABLE',2,'','2020-02-22 20:32:31',NULL,1,NULL),(1231195107535654914,1231194949716578306,'postLevel','M3','M3',0,'[0]','ENABLE',3,'','2020-02-22 20:32:43',NULL,1,NULL),(1231195144621690882,1231194949716578306,'postLevel','M4','M4',0,'[0]','ENABLE',4,'','2020-02-22 20:32:52',NULL,1,NULL),(1231195207410421762,1231194949716578306,'postLevel','M5','M5',0,'[0]','ENABLE',5,'','2020-02-22 20:33:07',NULL,1,NULL),(1231195245343707137,1231194949716578306,'postLevel','M6','M6',0,'[0]','ENABLE',6,'','2020-02-22 20:33:16',NULL,1,NULL),(1231195288322740225,1231194949716578306,'postLevel','E1','E1',0,'[0]','ENABLE',10,'','2020-02-22 20:33:26','2020-02-22 20:34:16',1,1),(1231195368400392193,1231194949716578306,'postLevel','E2','E2',0,'[0]','ENABLE',11,'','2020-02-22 20:33:45',NULL,1,NULL),(1231195433466630146,1231194949716578306,'postLevel','E3','E3',0,'[0]','ENABLE',12,'','2020-02-22 20:34:01',NULL,1,NULL),(1231195474008772610,1231194949716578306,'postLevel','E4','E4',0,'[0]','ENABLE',13,'','2020-02-22 20:34:10',NULL,1,NULL),(1235553397418815489,1235553223942402049,'connectionType','INTNET','网络',0,'[0]','ENABLE',1,'','2020-03-05 21:11:00',NULL,1,NULL),(1235553578042322946,1235553223942402049,'connectionType','USBSTICK','U盘',0,'[0]','ENABLE',2,'','2020-03-05 21:11:43',NULL,1,NULL),(1236155571827175426,1160532886713155585,'LEAVE_TYPE','00408','陪产假',0,'[0]','ENABLE',6,'','2020-03-07 13:03:50','2020-10-26 13:09:38',1,1),(1236155650982080514,1160532886713155585,'LEAVE_TYPE','00409','婚假',0,'[0]','ENABLE',3,'','2020-03-07 13:04:09','2020-10-26 13:09:04',1,1),(1236155855550869506,1160532886713155585,'LEAVE_TYPE','00410','丧假',0,'[0]','ENABLE',5,'','2020-03-07 13:04:57','2020-10-26 13:09:28',1,1),(1236155940015763457,1160532886713155585,'LEAVE_TYPE','00411','探亲假',0,'[0]','ENABLE',13,'','2020-03-07 13:05:17','2020-10-26 13:11:36',1,1),(1237355404493668353,1237355229545054209,'overtimeReason','overtimeReason_1','生产延期',0,'[0]','ENABLE',1,'','2020-03-10 20:31:32',NULL,1,NULL),(1237355479387160577,1237355229545054209,'overtimeReason','overtimeReason_2','临时任务',0,'[0]','ENABLE',2,'','2020-03-10 20:31:50',NULL,1,NULL),(1237355559968129025,1237355229545054209,'overtimeReason','overtimeReason_3','盘点',0,'[0]','ENABLE',3,'','2020-03-10 20:32:09',NULL,1,NULL),(1237355710493310978,1237355229545054209,'overtimeReason','overtimeReason_4','其他（请注明）',0,'[0]','ENABLE',4,'','2020-03-10 20:32:45','2020-03-10 20:32:56',1,1),(1250408255398686722,1225248463702982657,'DEGREEDESCRIBE','4001','工学学士学位',0,'[0]','ENABLE',4001,'','2020-04-15 20:58:54',NULL,1,NULL),(1250408393517117442,1225248463702982657,'DEGREEDESCRIBE','3001','工学硕士学位',0,'[0]','ENABLE',3001,'','2020-04-15 20:59:27',NULL,1,NULL),(1250408510076825601,1225248463702982657,'DEGREEDESCRIBE','4002','文学学士学位',0,'[0]','ENABLE',4002,'','2020-04-15 20:59:55',NULL,1,NULL),(1250408632873463809,1225248463702982657,'DEGREEDESCRIBE','3003','管理学硕士学位',0,'[0]','ENABLE',3003,'','2020-04-15 21:00:24',NULL,1,NULL),(1250408832950153217,1225248463702982657,'DEGREEDESCRIBE','3002','文学硕士学位',0,'[0]','ENABLE',3002,'','2020-04-15 21:01:12',NULL,1,NULL),(1250410178378018818,1225248463702982657,'DEGREEDESCRIBE','4003','管理学学士学位',0,'[0]','ENABLE',4003,'','2020-04-15 21:06:33',NULL,1,NULL),(1250410294656708610,1225248463702982657,'DEGREEDESCRIBE','4004','经济学学士学位',0,'[0]','ENABLE',4004,'','2020-04-15 21:07:00',NULL,1,NULL),(1250419757631451138,1231194949716578306,'postLevel','M7','M7',0,'[0]','ENABLE',7,'','2020-04-15 21:44:37',NULL,1,NULL),(1270555372567777282,1270555161778835457,'dingtalk_attendance_checkType','OnDuty','上班',0,'[0]','ENABLE',1,'','2020-06-10 11:16:21',NULL,1,NULL),(1270555459071102978,1270555161778835457,'dingtalk_attendance_checkType','OffDuty','下班',0,'[0]','ENABLE',2,'','2020-06-10 11:16:42',NULL,1,NULL),(1270569408571195393,1270569317265391617,'dingtalk_attendance_TimeResult','Normal','正常',0,'[0]','ENABLE',1,'','2020-06-10 12:12:08',NULL,1,NULL),(1270569481006825473,1270569317265391617,'dingtalk_attendance_TimeResult','Early','早退',0,'[0]','ENABLE',2,'','2020-06-10 12:12:25',NULL,1,NULL),(1270569538242297857,1270569317265391617,'dingtalk_attendance_TimeResult','Late','迟到',0,'[0]','ENABLE',3,'','2020-06-10 12:12:39',NULL,1,NULL),(1270569624250695681,1270569317265391617,'dingtalk_attendance_TimeResult','SeriousLate','严重迟到',0,'[0]','ENABLE',4,'','2020-06-10 12:12:59',NULL,1,NULL),(1270570411437670402,1270569317265391617,'dingtalk_attendance_TimeResult','Absenteeism','旷工迟到',0,'[0]','ENABLE',5,'','2020-06-10 12:16:07',NULL,1,NULL),(1270570489049071618,1270569317265391617,'dingtalk_attendance_TimeResult','NotSigned','未打卡',0,'[0]','ENABLE',6,'','2020-06-10 12:16:25',NULL,1,NULL),(1270571236847337473,1270571157956673537,'dingtalk_attendance_locationResultValue','Normal','范围内',0,'[0]','ENABLE',1,'','2020-06-10 12:19:24',NULL,1,NULL),(1270571300852416514,1270571157956673537,'dingtalk_attendance_locationResultValue','Outside','范围外',0,'[0]','ENABLE',2,'','2020-06-10 12:19:39',NULL,1,NULL),(1270571367361495041,1270571157956673537,'dingtalk_attendance_locationResultValue','NotSigned','未打卡',0,'[0]','ENABLE',3,'','2020-06-10 12:19:55',NULL,1,NULL),(1270571863816093698,1270571773978296321,'dingtalk_attendance_sourceType','ATM','考勤机',0,'[0]','ENABLE',1,'','2020-06-10 12:21:53',NULL,1,NULL),(1270571947685396482,1270571773978296321,'dingtalk_attendance_sourceType','BEACON','IBeacon',0,'[0]','ENABLE',2,'','2020-06-10 12:22:13',NULL,1,NULL),(1270572039309967362,1270571773978296321,'dingtalk_attendance_sourceType','DING_ATM','钉钉考勤机',0,'[0]','ENABLE',3,'','2020-06-10 12:22:35',NULL,1,NULL),(1270572107895226369,1270571773978296321,'dingtalk_attendance_sourceType','USER','用户打卡',0,'[0]','ENABLE',4,'','2020-06-10 12:22:51',NULL,1,NULL),(1270572184671961090,1270571773978296321,'dingtalk_attendance_sourceType','BOSS','老板改签',0,'[0]','ENABLE',5,'','2020-06-10 12:23:10',NULL,1,NULL),(1270572259116662785,1270571773978296321,'dingtalk_attendance_sourceType','APPROVE','审批系统',0,'[0]','ENABLE',6,'','2020-06-10 12:23:27',NULL,1,NULL),(1270572333947240450,1270571773978296321,'dingtalk_attendance_sourceType','SYSTEM','考勤系统',0,'[0]','ENABLE',7,'','2020-06-10 12:23:45',NULL,1,NULL),(1270572398115897345,1270571773978296321,'dingtalk_attendance_sourceType','AUTO_CHECK','自动打卡',0,'[0]','ENABLE',8,'','2020-06-10 12:24:00',NULL,1,NULL),(1280047566551621634,1280047426461868033,'marital_status','marital_status_1','未婚',0,'[0]','ENABLE',2,'','2020-07-06 15:54:57','2020-11-06 11:07:02',1,1),(1280047651024904194,1280047426461868033,'marital_status','marital_status_2','已婚',0,'[0]','ENABLE',1,'','2020-07-06 15:55:17','2020-11-06 11:07:11',1,1),(1280047704544223233,1280047426461868033,'marital_status','marital_status_3','离异',0,'[0]','ENABLE',3,'','2020-07-06 15:55:30',NULL,1,NULL),(1280332892801134593,1280332781706604546,'vehicle','vehicle_1','公司班车',0,'[0]','ENABLE',1,'','2020-07-07 10:48:44',NULL,1,NULL),(1280333016474382337,1280332781706604546,'vehicle','vehicle_2','自备汽车',0,'[0]','ENABLE',2,'','2020-07-07 10:49:13',NULL,1,NULL),(1280333095159525377,1280332781706604546,'vehicle','vehicle_3','公共交通',0,'[0]','ENABLE',3,'','2020-07-07 10:49:32',NULL,1,NULL),(1280333136091738114,1280332781706604546,'vehicle','vehicle_4','其他',0,'[0]','ENABLE',4,'','2020-07-07 10:49:42',NULL,1,NULL),(1282974535593287681,1282974401392336898,'individual','individual_1','子女教育',0,'[0]','ENABLE',1,'1','2020-07-14 17:45:40',NULL,1,NULL),(1282974622067253250,1282974401392336898,'individual','individual_2','住房贷款',0,'[0]','ENABLE',2,'2','2020-07-14 17:46:01',NULL,1,NULL),(1282974699624128513,1282974401392336898,'individual','individual_3','住房租金',0,'[0]','ENABLE',3,'3','2020-07-14 17:46:20',NULL,1,NULL),(1282974772399497217,1282974401392336898,'individual','individual_4','赡养老人',0,'[0]','ENABLE',4,'4','2020-07-14 17:46:37',NULL,1,NULL),(1282974850510020609,1282974401392336898,'individual','individual_5','继续教育',0,'[0]','ENABLE',5,'5','2020-07-14 17:46:56',NULL,1,NULL),(1305758872431816706,1305758628935692290,'CONTRACT_NATURE','1','劳动合同',0,'[0]','ENABLE',1,'',NULL,'2020-12-07 18:43:30',NULL,1),(1305758934109057026,1305758628935692290,'CONTRACT_NATURE','2','劳务合同',0,'[0]','ENABLE',2,'',NULL,'2020-12-07 18:43:37',NULL,1),(1305758992472797186,1305758628935692290,'CONTRACT_NATURE','3','实习生',0,'[0]','ENABLE',3,'',NULL,NULL,NULL,NULL),(1308325082605105154,1308324980637380610,'positionName','positionName_1','总经理',0,'[0]','ENABLE',1,'',NULL,NULL,NULL,NULL),(1308325273961836545,1308324980637380610,'positionName','positionName_2','副总经理',0,'[0]','ENABLE',2,'',NULL,NULL,NULL,NULL),(1308326198336106497,1225240556991152129,'EMPLOYMENTFORM','FORM_2','劳动合同（无固定期限）',0,'[0]','ENABLE',1,'',NULL,'2020-12-12 15:13:59',NULL,1),(1308326359095390210,1225240556991152129,'EMPLOYMENTFORM','FORM_4','顶岗学习（工学交替）',0,'[0]','ENABLE',90,'',NULL,'2020-12-12 15:16:25',NULL,1),(1308327025834536962,1225246152842805250,'ONJOBSTATE','JOB_4','退休',0,'[0]','ENABLE',3,'',NULL,'2020-11-06 14:44:45',NULL,1),(1308327087604051970,1225246152842805250,'ONJOBSTATE','JOB_5','离职',0,'[0]','ENABLE',2,'',NULL,'2020-11-06 14:44:32',NULL,1),(1315933283067678722,1315933169330737153,'salary_fixed','01','入职定薪',0,'[0]','ENABLE',1,'','2020-10-13 16:31:58',NULL,1,NULL),(1315933347299250178,1315933169330737153,'salary_fixed','02','入职核定',0,'[0]','ENABLE',2,'','2020-10-13 16:32:14',NULL,1,NULL),(1315934130291920898,1315933169330737153,'salary_fixed','03','转正',0,'[0]','ENABLE',3,'','2020-10-13 16:35:20',NULL,1,NULL),(1315934187825188866,1315933169330737153,'salary_fixed','04','调动',0,'[0]','ENABLE',4,'','2020-10-13 16:35:34',NULL,1,NULL),(1315934255722582018,1315933169330737153,'salary_fixed','05','年中调薪',0,'[0]','ENABLE',5,'','2020-10-13 16:35:50',NULL,1,NULL),(1315934307971026946,1315933169330737153,'salary_fixed','06','年度调薪',0,'[0]','ENABLE',6,'','2020-10-13 16:36:03',NULL,1,NULL),(1315934361792335873,1315933169330737153,'salary_fixed','07','特别调薪',0,'[0]','ENABLE',7,'','2020-10-13 16:36:15',NULL,1,NULL),(1318466177835126785,1318466055311118338,'RULE_TYPE','rule_type_1','事假',0,'[0]','ENABLE',1,'','2020-10-20 16:16:47',NULL,1,NULL),(1318466246156144642,1318466055311118338,'RULE_TYPE','rule_type_2','病假',0,'[0]','ENABLE',2,'','2020-10-20 16:17:04',NULL,1,NULL),(1318466312497451009,1318466055311118338,'RULE_TYPE','rule_type_3','婚假',0,'[0]','ENABLE',3,'','2020-10-20 16:17:19',NULL,1,NULL),(1318466375634309121,1318466055311118338,'RULE_TYPE','rule_type_4','年假',0,'[0]','ENABLE',4,'','2020-10-20 16:17:35',NULL,1,NULL),(1318466445633048577,1318466055311118338,'RULE_TYPE','rule_type_5','丧假',0,'[0]','ENABLE',5,'','2020-10-20 16:17:51',NULL,1,NULL),(1318466494731571202,1318466055311118338,'RULE_TYPE','rule_type_6','产假',0,'[0]','ENABLE',6,'','2020-10-20 16:18:03',NULL,1,NULL),(1318466556907933698,1318466055311118338,'RULE_TYPE','rule_type_7','调休假',0,'[0]','ENABLE',7,'','2020-10-20 16:18:18',NULL,1,NULL),(1318466600864239618,1318466055311118338,'RULE_TYPE','rule_type_8','旷工',0,'[0]','ENABLE',8,'','2020-10-20 16:18:28',NULL,1,NULL),(1319512971758129154,1319512861930278913,'emergency_degree','emergency_degree_1','正常',0,'[0]','ENABLE',1,'','2020-10-23 13:36:22',NULL,1,NULL),(1319513039814905857,1319512861930278913,'emergency_degree','emergency_degree_2','重要',0,'[0]','ENABLE',2,'','2020-10-23 13:36:39',NULL,1,NULL),(1319513084656209921,1319512861930278913,'emergency_degree','emergency_degree_3','紧急',0,'[0]','ENABLE',3,'','2020-10-23 13:36:49',NULL,1,NULL),(1320563137784406017,1231194622678306818,'postType','postType_3','专项辅助',0,'[0]','ENABLE',2,'隶属于操作岗','2020-10-26 11:09:22','2020-11-04 08:36:34',1,1),(1320592831918120962,1160532886713155585,'LEAVE_TYPE','004013','小产假',0,'[0]','ENABLE',7,'','2020-10-26 13:07:21',NULL,1,NULL),(1320593014286458881,1160532886713155585,'LEAVE_TYPE','004014','驻外探亲假',0,'[0]','ENABLE',14,'','2020-10-26 13:08:05',NULL,1,NULL),(1320593506362204162,1160532886713155585,'LEAVE_TYPE','004015','公假',0,'[0]','ENABLE',16,'','2020-10-26 13:10:02',NULL,1,NULL),(1321355405552586753,1321355239537840130,'registeredResidence','1','农村',0,'[0]','ENABLE',1,'城镇','2020-10-28 15:37:33','2020-12-12 15:14:03',1,1),(1321355470505578498,1321355239537840130,'registeredResidence','2','城镇',0,'[0]','ENABLE',2,'农村','2020-10-28 15:37:48','2020-12-12 15:13:55',1,1),(1321358245104783362,1321358082239959042,'bloodType','0','A',0,'[0]','ENABLE',0,'A型血','2020-10-28 15:48:50',NULL,1,NULL),(1321358344560119810,1321358082239959042,'bloodType','1','AB',0,'[0]','ENABLE',1,'AB型血','2020-10-28 15:49:14',NULL,1,NULL),(1321358409089486849,1321358082239959042,'bloodType','2','B',0,'[0]','ENABLE',2,'B型血','2020-10-28 15:49:29',NULL,1,NULL),(1321358476525506562,1321358082239959042,'bloodType','3','O',0,'[0]','ENABLE',3,'0型血','2020-10-28 15:49:45',NULL,1,NULL),(1321359008862375938,1321358821687365633,'health','0','健康',0,'[0]','ENABLE',1,'健康','2020-10-28 15:51:52','2020-11-06 11:17:12',1,1),(1321359059449876481,1321358821687365633,'health','1','一般',0,'[0]','ENABLE',3,'一般','2020-10-28 15:52:04','2020-11-06 11:17:54',1,1),(1321359114793717761,1321358821687365633,'health','2','较差',0,'[0]','ENABLE',4,'较差','2020-10-28 15:52:17','2020-11-06 11:18:04',1,1),(1321359700083675138,1321359550913253378,'familyOrigin','0','工人',0,'[0]','ENABLE',1,'干部','2020-10-28 15:54:37','2020-11-06 11:23:45',1,1),(1321359745927417857,1321359550913253378,'familyOrigin','1','农民',0,'[0]','ENABLE',2,'','2020-10-28 15:54:48','2020-11-06 11:24:10',1,1),(1321359781809688577,1321359550913253378,'familyOrigin','2','干部',0,'[0]','ENABLE',3,'','2020-10-28 15:54:56','2020-11-06 11:23:56',1,1),(1321360293883875330,1321360117991542785,'individualStatus','0','工人',0,'[0]','ENABLE',1,'','2020-10-28 15:56:58','2020-11-06 12:21:55',1,1),(1321360332278534145,1321360117991542785,'individualStatus','1','农民',0,'[0]','ENABLE',2,'','2020-10-28 15:57:08','2020-11-06 13:05:33',1,1),(1321360638236233729,1321360504597319682,'politicalOutlook','0','群众',0,'[0]','ENABLE',1,'','2020-10-28 15:58:21','2020-11-06 11:27:36',1,1),(1321360675775254530,1321360504597319682,'politicalOutlook','1','共产党员',0,'[0]','ENABLE',2,'','2020-10-28 15:58:29','2020-12-12 15:11:31',1,1),(1321619521944956929,1321619467221872642,'entryCategories','0','第一次入职',0,'[0]','ENABLE',1,'','2020-10-29 09:07:03','2020-11-06 14:26:16',1,1),(1321619560637411329,1321619467221872642,'entryCategories','1','第二次入职',0,'[0]','ENABLE',2,'','2020-10-29 09:07:12','2020-11-06 14:26:27',1,1),(1321619730703855618,1321619674651176962,'entryType','0','新入职',0,'[0]','ENABLE',1,'','2020-10-29 09:07:53','2020-11-06 14:20:45',1,1),(1321619766636457986,1321619674651176962,'entryType','1','重新入职',0,'[0]','ENABLE',2,'','2020-10-29 09:08:02','2020-12-12 15:08:09',1,1),(1321640485785186305,1321640421289373698,'storageRoom','0','cp3.1总装',0,'[0]','ENABLE',NULL,'','2020-10-29 10:30:21','2020-11-06 14:54:40',1,1),(1321640527799529473,1321640421289373698,'storageRoom','1','CP3.2NF焊装',0,'[0]','ENABLE',NULL,'','2020-10-29 10:30:31','2020-12-12 15:16:16',1,1),(1321640887180079105,1321640822847844354,'workSection','0','甲工段',0,'[0]','ENABLE',1,'','2020-10-29 10:31:57','2020-11-06 14:56:59',1,1),(1321640947120877569,1321640822847844354,'workSection','1','乙工段',0,'[0]','ENABLE',2,'','2020-10-29 10:32:11','2020-11-06 14:57:12',1,1),(1321641178633875458,1321641121721364482,'team','0','班组a',0,'[0]','ENABLE',NULL,'','2020-10-29 10:33:07',NULL,1,NULL),(1321641214553894913,1321641121721364482,'team','1','班组b',0,'[0]','ENABLE',NULL,'','2020-10-29 10:33:15',NULL,1,NULL),(1321683791541972993,1321683724206616577,'jobTypeCompany','1','办事员',0,'[0]','ENABLE',1,'','2020-10-29 13:22:26','2020-12-12 15:42:48',1,1),(1321683829840162818,1321683724206616577,'jobTypeCompany','2','信息员',0,'[0]','ENABLE',2,'','2020-10-29 13:22:35','2020-12-12 15:43:05',1,1),(1321684457463230466,1321684406997364738,'jobCategoryCompany','1','专业技术管理类',0,'[0]','ENABLE',1,'','2020-10-29 13:25:05','2020-12-12 15:47:16',1,1),(1321684488865984513,1321684406997364738,'jobCategoryCompany','2','操作处理类',0,'[0]','ENABLE',2,'','2020-10-29 13:25:13','2020-12-12 15:49:03',1,1),(1321685013523083266,1321684968778248193,'officeLocation','0','东工厂',0,'[0]','ENABLE',1,'','2020-10-29 13:27:18','2020-11-06 15:07:28',1,1),(1321685042853851137,1321684968778248193,'officeLocation','2','北场',0,'[0]','ENABLE',1,'','2020-10-29 13:27:25','2020-12-12 15:42:26',1,1),(1323457467258064898,1323457403424952321,'accountScope','0','省内',0,'[0]','ENABLE',NULL,'','2020-11-03 10:50:24',NULL,1,NULL),(1323457519997243394,1323457403424952321,'accountScope','1','省外',0,'[0]','ENABLE',NULL,'','2020-11-03 10:50:36',NULL,1,NULL),(1323457566264610818,1323457403424952321,'accountScope','2','龙泉',0,'[0]','ENABLE',4,'','2020-11-03 10:50:47','2020-11-03 10:54:30',1,1),(1323552653294800897,1323552511271473153,'APPLY_STATUS','APPLY_STATUS_1','审批中',0,'[0]','ENABLE',1,'','2020-11-03 17:08:38',NULL,1,NULL),(1323552766687809537,1323552511271473153,'APPLY_STATUS','APPLY_STATUS_2','审批退回',0,'[0]','ENABLE',2,'','2020-11-03 17:09:05',NULL,1,NULL),(1323552825647140865,1323552511271473153,'APPLY_STATUS','APPLY_STATUS_3','审批通过',0,'[0]','ENABLE',3,'','2020-11-03 17:09:19',NULL,1,NULL),(1323552972443586562,1323552511271473153,'APPLY_STATUS','APPLY_STATUS_5','已归档',0,'[0]','ENABLE',5,'','2020-11-03 17:09:54',NULL,1,NULL),(1323890188192919554,1323889820167909377,'recruitment_channels','1','应届生',0,'[0]','ENABLE',1,'','2020-11-04 15:29:52',NULL,1,NULL),(1323890503172567041,1323889820167909377,'recruitment_channels','2','社会招聘',0,'[0]','ENABLE',2,'','2020-11-04 15:31:07',NULL,1,NULL),(1324153240168247297,1323552511271473153,'APPLY_STATUS','APPLY_STATUS_4','已终止',0,'[0]','ENABLE',4,'','2020-11-05 08:55:09',NULL,1323808701758083074,NULL),(1324153240168247298,1323552511271473153,'APPLY_STATUS','APPLY_STATUS_6','审批不通过',0,'[0]','ENABLE',6,'','2020-11-05 08:55:09',NULL,1,1),(1324509819924439042,1160532886713155585,'LEAVE_TYPE','00412','年假',0,'[0]','ENABLE',1,'','2020-11-06 08:32:04',NULL,1,NULL),(1324509958487465986,1160532886713155585,'LEAVE_TYPE','00413','调休',0,'[0]','ENABLE',2,'','2020-11-06 08:32:37',NULL,1,NULL),(1324510048388177922,1160532886713155585,'LEAVE_TYPE','00414','高温假',0,'[0]','ENABLE',15,'','2020-11-06 08:32:58',NULL,1,NULL),(1324551483380535298,1321358821687365633,'health','4','良好',0,'[0]','ENABLE',2,'','2020-11-06 11:17:37',NULL,1,NULL),(1324551720115441665,1321358821687365633,'health','5','残疾',0,'[0]','ENABLE',5,'','2020-11-06 11:18:34',NULL,1,NULL),(1324553187555610626,1321359550913253378,'familyOrigin','3','军人',0,'[0]','ENABLE',4,'','2020-11-06 11:24:24',NULL,1,NULL),(1324554154292350978,1321360504597319682,'politicalOutlook','3','预备共产党员',0,'[0]','ENABLE',3,'','2020-11-06 11:28:14','2020-12-12 15:12:04',1,1),(1324554238472032258,1321360504597319682,'politicalOutlook','4','团员',0,'[0]','ENABLE',4,'','2020-11-06 11:28:34','2020-12-12 15:11:47',1,1),(1324554318688096257,1321360504597319682,'politicalOutlook','5','民革党员',0,'[0]','ENABLE',5,'','2020-11-06 11:28:53',NULL,1,NULL),(1324554381267111937,1321360504597319682,'politicalOutlook','6','其他',0,'[0]','ENABLE',6,'','2020-11-06 11:29:08',NULL,1,NULL),(1324599063405731842,1321619467221872642,'entryCategories','3','第三次入职',0,'[0]','ENABLE',3,'','2020-11-06 14:26:41',NULL,1,NULL),(1324599159753089025,1321619467221872642,'entryCategories','4','第四次入职',0,'[0]','ENABLE',4,'','2020-11-06 14:27:04',NULL,1,NULL),(1324599210592247810,1321619467221872642,'entryCategories','5','第五次入职',0,'[0]','ENABLE',5,'','2020-11-06 14:27:16',NULL,1,NULL),(1324600583413112833,1324600147310354434,'sub_companies','1','一汽物流(成都)',0,'[0]','ENABLE',1,'','2020-11-06 14:32:44','2020-12-12 15:18:18',1,1),(1324601038780309505,1324600858060333058,'cor_companices','2','博纳致达',0,'[0]','ENABLE',2,'','2020-11-06 14:34:32','2020-12-12 15:10:05',1,1),(1324629039383388161,1324628506807443458,'type_education','1','全日制统招',0,'[0]','ENABLE',1,'','2020-11-06 16:25:48',NULL,1,NULL),(1324629869343875073,1324629684760944642,'discipline','1','哲学',0,'[0]','ENABLE',9,'','2020-11-06 16:29:06','2020-12-12 15:28:07',1,1),(1324629922066276353,1324629684760944642,'discipline','2','经济学',0,'[0]','ENABLE',5,'','2020-11-06 16:29:19','2020-12-12 15:29:00',1,1),(1324629965355687937,1324629684760944642,'discipline','3','法学',0,'[0]','ENABLE',1,'','2020-11-06 16:29:29','2020-12-12 15:27:43',1,1),(1324630018837258242,1324629684760944642,'discipline','4','教育学',0,'[0]','ENABLE',4,'','2020-11-06 16:29:42',NULL,1,NULL),(1324630071458996225,1324629684760944642,'discipline','5','文学',0,'[0]','ENABLE',8,'','2020-11-06 16:29:54','2020-12-12 15:29:39',1,1),(1324630124223340546,1324629684760944642,'discipline','6','历史学',0,'[0]','ENABLE',8,'','2020-11-06 16:30:07','2020-12-12 15:29:16',1,1),(1324630193223835649,1324629684760944642,'discipline','7','理学',0,'[0]','ENABLE',7,'','2020-11-06 16:30:23',NULL,1,NULL),(1324630259611279361,1324629684760944642,'discipline','8','工学',0,'[0]','ENABLE',2,'','2020-11-06 16:30:39','2020-12-12 15:28:19',1,1),(1324630321603092482,1324629684760944642,'discipline','9','农学',0,'[0]','ENABLE',9,'','2020-11-06 16:30:54',NULL,1,NULL),(1324630386065350658,1324629684760944642,'discipline','10','医学',0,'[0]','ENABLE',8,'','2020-11-06 16:31:09','2020-12-12 15:30:14',1,1),(1324630445276340226,1324629684760944642,'discipline','11','管理学',0,'[0]','ENABLE',3,'','2020-11-06 16:31:23','2020-12-12 15:28:45',1,1),(1324630503208067074,1324629684760944642,'discipline','12','艺术学',0,'[0]','ENABLE',9,'','2020-11-06 16:31:37','2020-12-12 15:30:40',1,1),(1324631434901397505,1324630861103833089,'form_residence','1','外来人口租户',0,'[0]','ENABLE',1,'','2020-11-06 16:35:19',NULL,1,NULL),(1324632136893669377,1324630861103833089,'form_residence','2','自有住房',0,'[0]','ENABLE',2,'','2020-11-06 16:38:07','2020-11-18 11:08:01',1,1),(1325638722027696129,1325637642921357313,'schedule_type','fixedType','固定班制',0,'[0]','ENABLE',2,'固定班制','2020-11-09 11:17:55','2020-11-13 16:26:54',1,1),(1325639265831792642,1325637642921357313,'schedule_type','arrangeype','排班制',0,'[0]','ENABLE',1,'排班制','2020-11-09 11:20:05','2020-11-13 16:26:50',1,1),(1325696143084589057,1325696066525958146,'notClockReason','notClockReason_1','班车迟到',0,'[0]','ENABLE',1,'','2020-11-09 15:06:05',NULL,1,NULL),(1325696966736842753,1325696872184647682,'classes','classes_1','上班卡',0,'[0]','ENABLE',1,'','2020-11-09 15:09:22',NULL,1,NULL),(1325697090372341761,1325696872184647682,'classes','classes_3','下班卡',0,'[0]','ENABLE',3,'','2020-11-09 15:09:51',NULL,1,NULL),(1326398949443059713,1326398898423545857,'yesOrNot','Y','是',0,'[0]','ENABLE',NULL,'','2020-11-11 13:38:48',NULL,1,NULL),(1326398990303969281,1326398898423545857,'yesOrNot','N','否',0,'[0]','ENABLE',NULL,'','2020-11-11 13:38:57',NULL,1,NULL),(1328152033902354433,1328151640862515202,'attendanceType','attendanceType_Y','根据审批单计算加班',0,'[0]','ENABLE',1,'','2020-11-16 09:44:55',NULL,1,NULL),(1328152151749713922,1328151640862515202,'attendanceType','attendanceType_N','无审批自动计算加班',0,'[0]','ENABLE',2,'','2020-11-16 09:45:24',NULL,1,NULL),(1328568120103243778,1325696066525958146,'notClockReason','notClockReason_2','忘记打卡',0,'[0]','ENABLE',2,'','2020-11-17 13:18:18',NULL,1,NULL),(1328568229461331970,1325696066525958146,'notClockReason','notClockReason_4','外出开会',0,'[0]','ENABLE',4,'','2020-11-17 13:18:44',NULL,1,NULL),(1328568282473140226,1325696066525958146,'notClockReason','notClockReason_5','外出办公',0,'[0]','ENABLE',5,'','2020-11-17 13:18:57',NULL,1,NULL),(1328598984728018945,1328598866469617665,'overtime_min','overtime_min_1','o.5天',0,'[0]','ENABLE',1,'','2020-11-17 15:20:57',NULL,1,NULL),(1328599063220224002,1328598866469617665,'overtime_min','overtime_min_2','1分钟',0,'[0]','ENABLE',2,'','2020-11-17 15:21:16',NULL,1,NULL),(1328962400967307265,1225246152842805250,'ONJOBSTATE','JOB_2','试用期',0,'[0]','ENABLE',1,'','2020-11-18 15:25:02','2020-12-12 15:10:11',1,1),(1332119155556069377,1225246152842805250,'ONJOBSTATE','JOB_6','待岗培训',0,'[0]','ENABLE',6,'','2020-11-27 08:28:51','2020-11-27 16:15:03',1,1),(1332538895496822786,1332538773165752321,'overtimeType','overtimeType_1','工作日加班',0,'[0]','ENABLE',1,'','2020-11-28 12:16:45',NULL,1,NULL),(1332538964522483714,1332538773165752321,'overtimeType','overtimeType_2','节假日加班',0,'[0]','ENABLE',5,'','2020-11-28 12:17:01','2020-12-10 13:27:29',1,1323808695659565058),(1332539047171244034,1332538773165752321,'overtimeType','overtimeType_3','公休日加班',0,'[0]','ENABLE',3,'','2020-11-28 12:17:21',NULL,1,NULL),(1332542842559184897,1332542269449486337,'compensateType','compensateType_1','加班调休',0,'[0]','ENABLE',1,'','2020-11-28 12:32:26',NULL,1,NULL),(1332542911341576194,1332542269449486337,'compensateType','compensateType_2','加班工资',0,'[0]','ENABLE',2,'','2020-11-28 12:32:42',NULL,1,NULL),(1332542986239262721,1332542269449486337,'compensateType','compensateType_3','加班调休及工资',0,'[0]','ENABLE',3,'','2020-11-28 12:33:00',NULL,1,NULL),(1332543590986596354,1332543336245542914,'calculateRule','calculateRule_1','需审批，取最小时长',0,'[0]','ENABLE',1,'','2020-11-28 12:35:24',NULL,1,NULL),(1332543694736900097,1332543336245542914,'calculateRule','calculateRule_2','需审批，取审批时长',0,'[0]','ENABLE',2,'','2020-11-28 12:35:49',NULL,1,NULL),(1332543781282168834,1332543336245542914,'calculateRule','calculateRule_3','需审批，取打卡时长',0,'[0]','ENABLE',3,'','2020-11-28 12:36:10',NULL,1,NULL),(1332543842980380673,1332543336245542914,'calculateRule','calculateRule_4','人工核对处理',0,'[0]','ENABLE',4,'','2020-11-28 12:36:24',NULL,1,NULL),(1332544278953115649,1332544168332541954,'minUnit','minUnit_1','4小时',0,'[0]','ENABLE',1,'','2020-11-28 12:38:08',NULL,1,NULL),(1332544368765747202,1332544168332541954,'minUnit','minUnit_2','按打卡时间计算',0,'[0]','ENABLE',2,'','2020-11-28 12:38:30',NULL,1,NULL),(1332601558398574593,1332601348096172033,'leavelUnit','leavelUnit_1','按小时请假',0,'[0]','ENABLE',NULL,'','2020-11-28 16:25:45',NULL,1,NULL),(1332601621959057409,1332601348096172033,'leavelUnit','leavelUnit_2','按天请假',0,'[0]','ENABLE',NULL,'','2020-11-28 16:26:00',NULL,1,NULL),(1332601707409612801,1332601348096172033,'leavelUnit','leavelUnit_3','按半天请假',0,'[0]','ENABLE',NULL,'','2020-11-28 16:26:20',NULL,1,NULL),(1332602105499394050,1332601999928762369,'leavelCalculateRule','leavelCalculateRule_1','不顺延',0,'[0]','ENABLE',NULL,'','2020-11-28 16:27:55',NULL,1,NULL),(1332602167931609089,1332601999928762369,'leavelCalculateRule','leavelCalculateRule_2','节假日顺延',0,'[0]','ENABLE',NULL,'','2020-11-28 16:28:10',NULL,1,NULL),(1332602233471803394,1332601999928762369,'leavelCalculateRule','leavelCalculateRule_3','公休日顺延',0,'[0]','ENABLE',NULL,'','2020-11-28 16:28:26',NULL,1,NULL),(1332602322739175425,1332601999928762369,'leavelCalculateRule','leavelCalculateRule_4','节假日公休日都顺延',0,'[0]','ENABLE',NULL,'','2020-11-28 16:28:47',NULL,1,NULL),(1332602578470084610,1332602504746803202,'overdraft','overdraft_1','允许',0,'[0]','ENABLE',NULL,'','2020-11-28 16:29:48',NULL,1,NULL),(1332602623500132354,1332602504746803202,'overdraft','overdraft_2','不允许',0,'[0]','ENABLE',NULL,'','2020-11-28 16:29:59',NULL,1,NULL),(1333236363255521281,1333236270645288962,'dayAttendanceType','dayAttendanceType_1','正常',0,'[0]','ENABLE',1,'','2020-11-30 10:28:14',NULL,1,NULL),(1333236418519670786,1333236270645288962,'dayAttendanceType','dayAttendanceType_2','迟到',0,'[0]','ENABLE',2,'','2020-11-30 10:28:27',NULL,1,NULL),(1333236472047378433,1333236270645288962,'dayAttendanceType','dayAttendanceType_3','早退',0,'[0]','ENABLE',3,'','2020-11-30 10:28:40',NULL,1,NULL),(1333236565681020929,1333236270645288962,'dayAttendanceType','dayAttendanceTyp4','缺卡',0,'[0]','ENABLE',4,'','2020-11-30 10:29:02',NULL,1,NULL),(1333236613907128322,1333236270645288962,'dayAttendanceType','dayAttendanceType_5','异常',0,'[0]','ENABLE',5,'','2020-11-30 10:29:14',NULL,1,NULL),(1333760482282598402,1333760326149632002,'dimissionReasonType','dimissionReasonType_1','个人原因',0,'[0]','ENABLE',1,'','2020-12-01 21:10:54',NULL,1,NULL),(1334030326870487042,1328539488585437185,'work_clock_limit','4-clock','凌晨4点可以打卡',0,'[0]','ENABLE',1,'','2020-12-02 15:03:10','2020-12-12 14:01:32',1,1),(1334030507393331202,1328539488585437185,'work_clock_limit','15-minute','上班前15分钟可打卡',0,'[0]','ENABLE',2,'','2020-12-02 15:03:53','2020-12-02 15:04:02',1,1),(1334030700637499393,1328539488585437185,'work_clock_limit','1-hour','上班前1小时可打卡',0,'[0]','ENABLE',5,'','2020-12-02 15:04:39','2020-12-12 13:59:38',1,1),(1334031142918467585,1334030906527494145,'outwork_clock_limit','1-clock','次日凌晨四点前可打卡',0,'[0]','ENABLE',1,'','2020-12-02 15:06:24',NULL,1,NULL),(1334031442236583938,1334030906527494145,'outwork_clock_limit','30-minute','下班后30分钟可打卡',0,'[0]','ENABLE',3,'','2020-12-02 15:07:36','2020-12-12 14:06:36',1,1),(1334031554916560898,1334030906527494145,'outwork_clock_limit','1-hour','下班后1小时可打卡',0,'[0]','ENABLE',3,'','2020-12-02 15:08:02',NULL,1,NULL),(1334072384538873858,1334071824326660098,'clock_mode','clock_mode_1','设备打卡',0,'[0]','ENABLE',1,'','2020-12-02 17:50:17',NULL,1,NULL),(1334072476813561858,1334071824326660098,'clock_mode','clock_mode_2','定位打卡',0,'[0]','ENABLE',2,'','2020-12-02 17:50:39',NULL,1,NULL),(1334789898908454914,1334789544892420098,'attendance_week','Monday','星期一',0,'[0]','ENABLE',1,'','2020-12-04 17:21:26',NULL,1,NULL),(1334790004848185346,1334789544892420098,'attendance_week','Tuesday','星期二',0,'[0]','ENABLE',2,'','2020-12-04 17:21:51',NULL,1,NULL),(1334790109244411906,1334789544892420098,'attendance_week','Wednesday','星期三',0,'[0]','ENABLE',3,'','2020-12-04 17:22:16',NULL,1,NULL),(1334790201254858753,1334789544892420098,'attendance_week','Thursday','星期四',0,'[0]','ENABLE',4,'','2020-12-04 17:22:38',NULL,1,NULL),(1334790296729800706,1334789544892420098,'attendance_week','Friday','星期五',0,'[0]','ENABLE',5,'','2020-12-04 17:23:01',NULL,1,NULL),(1334790398047408129,1334789544892420098,'attendance_week','Saturday','星期六',0,'[0]','ENABLE',6,'','2020-12-04 17:23:25',NULL,1,NULL),(1334790498270302209,1334789544892420098,'attendance_week','Sunday','星期日',0,'[0]','ENABLE',7,'','2020-12-04 17:23:49',NULL,1,NULL),(1335025284980248578,1335025024375558146,'morningOrAfternoon','afternoon','下午',0,'[0]','ENABLE',2,'','2020-12-05 08:56:46',NULL,1,NULL),(1335025898745335809,1335025024375558146,'morningOrAfternoon','morning','上午',0,'[0]','ENABLE',2,'','2020-12-05 08:59:13',NULL,1,NULL),(1335870097552072705,1328539488585437185,'work_clock_limit','4-hour','上班前4小时可打卡',0,'[0]','ENABLE',NULL,'','2020-12-07 16:53:45',NULL,1,NULL),(1336841340187140097,1334030906527494145,'outwork_clock_limit','4-hour','下班后4小时可打卡',0,'[0]','ENABLE',NULL,'','2020-12-10 09:13:07',NULL,1,NULL),(1336934759751553025,1225246152842805250,'ONJOBSTATE','JOB_7','待离职',0,'[0]','ENABLE',20,'JOB_7','2020-12-10 15:24:20',NULL,1,NULL),(1336934759751553125,1225246152842805250,'ONJOBSTATE','JOB_8','待培训',0,'[0]','ENABLE',5,NULL,'2020-12-10 15:24:20','2020-11-27 16:15:03',1,1),(1337638183715266562,1328539488585437185,'work_clock_limit','30-minute','上班前30分钟可以打卡',0,'[0]','ENABLE',4,'','2020-12-12 13:59:30',NULL,1,NULL),(1337638395171102721,1328539488585437185,'work_clock_limit','2-hour','上班前2小时可以打卡',0,'[0]','ENABLE',6,'','2020-12-12 14:00:20',NULL,1,NULL),(1337638490104979458,1328539488585437185,'work_clock_limit','3-hour','上班前3小时可以打卡',0,'[0]','ENABLE',7,'','2020-12-12 14:00:43',NULL,1,NULL),(1337639876762853378,1334030906527494145,'outwork_clock_limit','4-clock','凌晨四点可打卡',0,'[0]','ENABLE',1,'','2020-12-12 14:06:13',NULL,1,NULL),(1337640075874852865,1334030906527494145,'outwork_clock_limit','15-minute','下班后15分钟可以打卡',0,'[0]','ENABLE',2,'','2020-12-12 14:07:01',NULL,1,NULL),(1337640285363560450,1334030906527494145,'outwork_clock_limit','2-hour','下班后2小时可打卡',0,'[0]','ENABLE',5,'','2020-12-12 14:07:51',NULL,1,NULL),(1337640376166047746,1334030906527494145,'outwork_clock_limit','3-hour','下班后3小时可打卡',0,'[0]','ENABLE',6,'','2020-12-12 14:08:12',NULL,1,NULL),(1337657123432521729,1225240556991152129,'EMPLOYMENTFORM','FORM_6','劳动合同（固定期限）',0,'[0]','ENABLE',3,'','2020-12-12 15:14:45',NULL,1,NULL),(1337657184537587713,1337587447891828738,'trainType','begin','待岗培训开始',0,'[0]','ENABLE',1,'','2020-12-12 15:15:00',NULL,1323808702651469825,NULL),(1337657247561199618,1337587447891828738,'trainType','end','待岗培训结束',0,'[0]','ENABLE',1,'','2020-12-12 15:15:15',NULL,1323808702651469825,NULL),(1337657316739604481,1321640421289373698,'storageRoom','3','无',0,'[0]','ENABLE',0,'','2020-12-12 15:15:31','2020-12-12 15:15:38',1,1),(1337657493768593409,1225240556991152129,'EMPLOYMENTFORM','RORM_7','劳动派遣（无固定期限）',0,'[0]','ENABLE',4,'','2020-12-12 15:16:14',NULL,1,NULL),(1337657645845667841,1321640421289373698,'storageRoom','4','CP3.2总装',0,'[0]','ENABLE',4,'','2020-12-12 15:16:50',NULL,1,NULL),(1337657715932487681,1225240556991152129,'EMPLOYMENTFORM','RORM_8','劳动派遣（固定期限）',0,'[0]','ENABLE',5,'','2020-12-12 15:17:07',NULL,1,NULL),(1337658072871952386,1324600147310354434,'sub_companies','2','一汽物流(上级单位)',0,'[0]','ENABLE',2,'','2020-12-12 15:18:32','2020-12-12 15:19:10',1,1),(1337658085832351746,1321640822847844354,'workSection','4','无',0,'[0]','ENABLE',4,'','2020-12-12 15:18:35',NULL,1,NULL),(1337658200395571201,1321640822847844354,'workSection','3','丙工段',0,'[0]','ENABLE',3,'','2020-12-12 15:19:02',NULL,1,NULL),(1337658377172901890,1324600147310354434,'sub_companies','3','博纳致达',0,'[0]','ENABLE',4,'','2020-12-12 15:19:44',NULL,1,NULL),(1337660961153572865,1324629684760944642,'discipline','13','无',0,'[0]','ENABLE',12,'','2020-12-12 15:30:00','2020-12-12 15:31:12',1,1),(1337662183591862273,1225019207840460802,'EDUCATION','12','初中',0,'[0]','ENABLE',8,'','2020-12-12 15:34:52','2020-12-12 15:38:37',1,1),(1337664102167175169,1321683724206616577,'jobTypeCompany','0','无',0,'[0]','ENABLE',1,'','2020-12-12 15:42:29',NULL,1,NULL),(1337664200922062850,1321684968778248193,'officeLocation','3','发动机厂',0,'[0]','ENABLE',3,'','2020-12-12 15:42:53',NULL,1,NULL),(1337664340911153154,1321683724206616577,'jobTypeCompany','4','操作员',0,'[0]','ENABLE',4,'','2020-12-12 15:43:26',NULL,1,NULL),(1337664356883062786,1321684968778248193,'officeLocation','4','焊装',0,'[0]','ENABLE',4,'','2020-12-12 15:43:30',NULL,1,NULL),(1337664421580201985,1321684968778248193,'officeLocation','5','南场',0,'[0]','ENABLE',5,'','2020-12-12 15:43:45',NULL,1,NULL),(1337664439062061058,1321683724206616577,'jobTypeCompany','5','R车操作员',0,'[0]','ENABLE',5,'','2020-12-12 15:43:50',NULL,1,NULL),(1337664488336744449,1321684968778248193,'officeLocation','6','外派单位',0,'[0]','ENABLE',6,'','2020-12-12 15:44:01',NULL,1,NULL),(1337664544850796545,1321684968778248193,'officeLocation','7','西工厂',0,'[0]','ENABLE',7,'','2020-12-12 15:44:15',NULL,1,NULL),(1337664558712971265,1321683724206616577,'jobTypeCompany','6','叉车操作员',0,'[0]','ENABLE',6,'','2020-12-12 15:44:18',NULL,1,NULL),(1337664586571538434,1321684968778248193,'officeLocation','8','整车',0,'[0]','ENABLE',8,'','2020-12-12 15:44:25',NULL,1,NULL),(1337664632583053313,1321683724206616577,'jobTypeCompany','7','牵引车操作员',0,'[0]','ENABLE',7,'','2020-12-12 15:44:36',NULL,1,NULL),(1337665070174789633,1321683724206616577,'jobTypeCompany','8','搬运车操作员',0,'[0]','ENABLE',8,'','2020-12-12 15:46:20',NULL,1,NULL),(1337665396328062978,1321684406997364738,'jobCategoryCompany','3','信息处理类',0,'[0]','ENABLE',3,'','2020-12-12 15:47:38',NULL,1,NULL),(1337665413432434689,1321683724206616577,'jobTypeCompany','9','司机',0,'[0]','ENABLE',9,'','2020-12-12 15:47:42',NULL,1,NULL),(1337665471561293825,1321684406997364738,'jobCategoryCompany','4','基层管理类',0,'[0]','ENABLE',4,'','2020-12-12 15:47:56',NULL,1,NULL),(1337665577215811585,1321684406997364738,'jobCategoryCompany','6','工艺车辆操作类',0,'[0]','ENABLE',5,'','2020-12-12 15:48:21',NULL,1,NULL),(1337688196904345602,1225246152842805250,'ONJOBSTATE','JOB_9','借调',0,'[0]','ENABLE',8,'','2020-12-12 17:18:14',NULL,1,NULL),(1339386731916496898,1324628506807443458,'type_education','2','非全日制',0,'[0]','ENABLE',2,'','2020-12-17 09:47:36',NULL,1328589653355323394,NULL),(1339387016705544194,1225246152842805250,'ONJOBSTATE','JOB_10','外派',0,'[0]','ENABLE',9,'','2020-12-17 09:48:44',NULL,1328589653355323394,NULL),(1343370921316552705,1160532886713155585,'LEAVE_TYPE','00418','工伤假',0,'[0]','ENABLE',11,'','2020-12-28 09:39:21',NULL,1338381570034941954,NULL),(1343428180990083074,1325696066525958146,'notClockReason','notClockReason_6','其他',0,'[0]','ENABLE',6,'','2020-12-28 13:26:53',NULL,1338381570034941954,NULL),(1348500165310062593,1348500058426613762,'DEPT_TYPE','01','系统部门',0,'[0]','ENABLE',1,'','2021-01-11 13:21:08',NULL,1,NULL),(1356445903218352130,1149217131989069826,'SYSTEM_TYPE','WorkBench','办公系统',0,'[0]','ENABLE',0,'工作台','2021-02-02 11:34:40','2021-07-07 15:16:20',1,1),(1356541508624109569,1356529088748896257,'user_train_type','01','继续教育',0,'[0]','ENABLE',1,'','2021-02-02 17:54:34',NULL,1,NULL),(1356541568489410561,1356529088748896257,'user_train_type','02','技术培训',0,'[0]','ENABLE',2,'','2021-02-02 17:54:48',NULL,1,NULL),(1356763535599501314,1356763417177522178,'audit_level','ing','审核中',0,'[0]','ENABLE',1,'','2021-02-03 08:36:49',NULL,1347450264182661122,NULL),(1356763596286885889,1356763417177522178,'audit_level','pass','审核通过',0,'[0]','ENABLE',2,'','2021-02-03 08:37:03',NULL,1347450264182661122,NULL),(1356763688825815042,1356763417177522178,'audit_level','nopass','审核未通过',0,'[0]','ENABLE',3,'','2021-02-03 08:37:26',NULL,1347450264182661122,NULL),(1356770038606004226,1356769435859353601,'vehicleType','car','轿车',0,'[0]','ENABLE',NULL,'','2021-02-03 09:02:39',NULL,1,NULL),(1356770102569140226,1356769435859353601,'vehicleType','car1','面包车',0,'[0]','ENABLE',NULL,'','2021-02-03 09:02:55',NULL,1,NULL),(1357156756276912130,1357156434414411778,'contract_type','contract_type01','测绘',0,'[0]','ENABLE',1,'','2021-02-04 10:39:20',NULL,1,NULL),(1357156837050818562,1357156434414411778,'contract_type','contract_type02','地理信息',0,'[0]','ENABLE',2,'','2021-02-04 10:39:39',NULL,1,NULL),(1357168926820765697,1356862154910212097,'document_type','1','决议',0,'[0]','ENABLE',1,'','2021-02-04 11:27:42',NULL,1,NULL),(1357173528836452353,1357173454953787393,'identity_category','01','合同制',0,'[0]','ENABLE',1,'','2021-02-04 11:45:59',NULL,1,NULL),(1357173587049197569,1357173454953787393,'identity_category','02','参编',0,'[0]','ENABLE',2,'','2021-02-04 11:46:13',NULL,1,NULL),(1357173652182544386,1357173454953787393,'identity_category','03','在编',0,'[0]','ENABLE',3,'','2021-02-04 11:46:28','2021-05-20 14:24:15',1,1),(1357173702161870850,1357173454953787393,'identity_category','04','劳务派遣',0,'[0]','ENABLE',4,'','2021-02-04 11:46:40',NULL,1,NULL),(1357192613485711362,1356862154910212097,'document_type','2','决定',0,'[0]','ENABLE',2,'','2021-02-04 13:01:49',NULL,1,NULL),(1357192694137982977,1356862154910212097,'document_type','3','命令',0,'[0]','ENABLE',3,'','2021-02-04 13:02:08',NULL,1,NULL),(1357192999743361025,1356862154910212097,'document_type','4','公告',0,'[0]','ENABLE',4,'','2021-02-04 13:03:21',NULL,1,NULL),(1357193104907145217,1356862154910212097,'document_type','5','通告',0,'[0]','ENABLE',5,'','2021-02-04 13:03:46',NULL,1,NULL),(1357193180543029250,1356862154910212097,'document_type','6','通知',0,'[0]','ENABLE',6,'','2021-02-04 13:04:04',NULL,1,NULL),(1357193245332443137,1356862154910212097,'document_type','7','函',0,'[0]','ENABLE',7,'','2021-02-04 13:04:20',NULL,1,NULL),(1357193320196575234,1356862154910212097,'document_type','8','议案',0,'[0]','ENABLE',8,'','2021-02-04 13:04:38',NULL,1,NULL),(1357193385455751170,1356862154910212097,'document_type','9','公示',0,'[0]','ENABLE',9,'','2021-02-04 13:04:53',NULL,1,NULL),(1357193459283890177,1356862154910212097,'document_type','10','批复',0,'[0]','ENABLE',10,'','2021-02-04 13:05:11',NULL,1,NULL),(1357193514606759938,1356862154910212097,'document_type','11','公报',0,'[0]','ENABLE',11,'','2021-02-04 13:05:24',NULL,1,NULL),(1357879139964616705,1357879088336928769,'types','0','基础测量',0,'[0]','ENABLE',NULL,'','2021-02-06 10:29:50',NULL,1,NULL),(1357922316486508546,1357922260584824834,'vehicleStatus','0','可用',0,'[0]','ENABLE',NULL,'','2021-02-06 13:21:24',NULL,1,NULL),(1357922355141214209,1357922260584824834,'vehicleStatus','1','借用',0,'[0]','ENABLE',NULL,'','2021-02-06 13:21:33','2021-06-09 10:02:13',1,1),(1364476344198348802,1364476130112684033,'PROJECT_SON_CATEGORY','1','需首级控制（≥3K㎡）',0,'[0]','ENABLE',1,'','2021-02-24 15:24:46','2021-02-24 15:25:03',1,1),(1364476539321565186,1364476130112684033,'PROJECT_SON_CATEGORY','2','需首级控制（0.5-3K㎡）',0,'[0]','ENABLE',2,'','2021-02-24 15:25:32',NULL,1,NULL),(1364476694196240385,1364476130112684033,'PROJECT_SON_CATEGORY','3','RTK直接测图（≥3K㎡）',0,'[0]','ENABLE',3,'','2021-02-24 15:26:09',NULL,1,NULL),(1364476810948886529,1364476130112684033,'PROJECT_SON_CATEGORY','4','RTK直接测图（0.5-3K㎡）',0,'[0]','ENABLE',4,'','2021-02-24 15:26:37',NULL,1,NULL),(1364479903946096641,1364479635724550145,'REGION_CODE','220101','市辖区',0,'[0]','ENABLE',1,'','2021-02-24 15:38:55',NULL,1,NULL),(1364479993528041474,1364479635724550145,'REGION_CODE','220102','南关区',0,'[0]','ENABLE',2,'','2021-02-24 15:39:16',NULL,1,NULL),(1364480085525905410,1364479635724550145,'REGION_CODE','220103','宽城区',0,'[0]','ENABLE',3,'','2021-02-24 15:39:38',NULL,1,NULL),(1382526455755108354,1382526277346193409,'projectStatus','init','未完成',0,'[0]','ENABLE',1,'2','2021-04-15 10:49:28',NULL,1,NULL),(1382526541490876417,1382526277346193409,'projectStatus','finished','已完成',0,'[0]','ENABLE',2,'3','2021-04-15 10:49:48',NULL,1,NULL),(1386220976419164161,1386220756474056705,'documentCategory','documentCategory_01','技术标准',0,'[0]','ENABLE',1,'','2021-04-25 15:30:10',NULL,1347450264182661122,NULL),(1386221106736189442,1386220756474056705,'documentCategory','documentCategory_02','培训记录',0,'[0]','ENABLE',2,'','2021-04-25 15:30:41','2021-05-19 10:23:58',1347450264182661122,1),(1386221210180308994,1386220756474056705,'documentCategory','documentCategory_03','贯标内容',0,'[0]','ENABLE',NULL,'','2021-04-25 15:31:06','2021-05-19 09:56:43',1347450264182661122,1),(1386221319127355394,1386220756474056705,'documentCategory','documentCategory_04','科技项目申报',0,'[0]','ENABLE',NULL,'','2021-04-25 15:31:32','2021-05-19 09:50:07',1347450264182661122,1),(1386221403994902530,1386220756474056705,'documentCategory','documentCategory_05','制度管理',0,'[0]','ENABLE',5,'','2021-04-25 15:31:52','2021-05-19 10:24:06',1347450264182661122,1),(1386221491026710529,1386220756474056705,'documentCategory','documentCategory_06','知识管理',0,'[0]','ENABLE',6,'','2021-04-25 15:32:13','2021-05-19 09:56:57',1347450264182661122,1),(1390939362826129409,1390939230386786306,'workOrg','001','规划测绘部',0,'[0]','ENABLE',1,'规划测绘部','2021-05-08 15:59:21','2021-06-24 11:28:31',1,1),(1390939533119066113,1390939230386786306,'workOrg','002','市政测绘部',0,'[0]','ENABLE',2,'市政测绘部','2021-05-08 16:00:02','2021-06-16 08:49:36',1,1),(1390939679772905473,1390939230386786306,'workOrg','003','基础测绘部',0,'[0]','ENABLE',3,'基础测绘部','2021-05-08 16:00:37',NULL,1,NULL),(1395558609709969410,1395558517204594690,'specification','rise','升',0,'[0]','ENABLE',0,'','2021-05-21 09:54:35',NULL,1,NULL),(1405686300435861506,1405686047712268290,'busi_bz','my','美元',0,'[0]','ENABLE',2,'美元','2021-06-18 08:38:25','2021-06-18 08:38:31',1,1),(1405686444896079874,1405686047712268290,'busi_bz','rmb','人民币',0,'[0]','ENABLE',1,'人民币','2021-06-18 08:39:00','2021-06-18 08:39:18',1,1),(1406800398404292608,1357156434414411778,'contract_type','10','1',0,'[0]','ENABLE',1,NULL,'2021-06-21 10:25:27',NULL,1,NULL),(1407892185130733568,1357156434414411778,'contract_type','1','付',0,'[0]','ENABLE',1,NULL,'2021-06-24 10:43:49',NULL,1,NULL),(1412311295220097025,1356769435859353601,'vehicleType','car2','越野车',0,'[0]','ENABLE',3,'','2021-07-06 15:23:47',NULL,1,NULL),(1412311395271024642,1356769435859353601,'vehicleType','car3','商务车',0,'[0]','ENABLE',4,'','2021-07-06 15:24:11',NULL,1,NULL),(1412667827363053570,1412667625814163457,'book_type','type1','技术',0,'[0]','ENABLE',1,'','2021-07-07 15:00:31',NULL,1,NULL),(1412667933269229569,1412667625814163457,'book_type','type2','美术',0,'[0]','ENABLE',2,'','2021-07-07 15:00:56',NULL,1,NULL),(1412668015100100610,1412667625814163457,'book_type','type3','文学',0,'[0]','ENABLE',3,'','2021-07-07 15:01:16','2021-07-08 09:25:20',1,1),(1412668085136588801,1412667625814163457,'book_type','type4','管理',0,'[0]','ENABLE',4,'','2021-07-07 15:01:32',NULL,1,NULL),(1413042496725364737,1412667625814163457,'book_type','type2_1','素描',1412667933269229569,'[0],[1412667933269229569]','ENABLE',1,'','2021-07-08 15:49:19',NULL,1,NULL),(1415131215076712450,1415130215645372418,'wharf_type','wharf_type_long','加长车辆码头',0,'[0]','ENABLE',1,'','2021-07-14 10:09:08',NULL,1,NULL),(1415167998887907330,1415130215645372418,'wharf_type','wharf_type_normal','普通车辆码头',0,'[0]','ENABLE',2,'','2021-07-14 12:35:18','2021-08-02 15:03:56',1,1),(1415912629312544769,1415912454254878722,'assetsCode','assetsCode01','通用设备',0,'[0]','ENABLE',1,'','2021-07-16 13:54:12',NULL,1,NULL),(1415912931763806210,1415912454254878722,'assetsCode','assetsCode03','用具',0,'[0]','ENABLE',3,'','2021-07-16 13:55:24',NULL,1,NULL),(1415913245103480834,1415912454254878722,'assetsCode','assetsCode04','装具及动植物',0,'[0]','ENABLE',4,'','2021-07-16 13:56:39',NULL,1,NULL),(1415913343820619778,1415912454254878722,'assetsCode','assetsCode05','无形资产',0,'[0]','ENABLE',5,'','2021-07-16 13:57:02',NULL,1,NULL),(1415915247594233858,1415915103599583234,'jzlx','jzlx01','原值',0,'[0]','ENABLE',1,'','2021-07-16 14:04:36',NULL,1,NULL),(1415915594324762626,1415915103599583234,'jzlx','jzlx02','暂估值',0,'[0]','ENABLE',2,'','2021-07-16 14:05:59',NULL,1,NULL),(1415916026728144898,1415915931186094082,'qdfs','qdfx01','新购',0,'[0]','ENABLE',1,'','2021-07-16 14:07:42',NULL,1,NULL),(1415916091161042945,1415915931186094082,'qdfs','qdfs02','调拨',0,'[0]','ENABLE',2,'','2021-07-16 14:07:57',NULL,1,NULL),(1415916169972015106,1415915931186094082,'qdfs','qdfs03','接受捐赠',0,'[0]','ENABLE',3,'','2021-07-16 14:08:16',NULL,1,NULL),(1415916273655209986,1415915931186094082,'qdfs','qdfs04','其他',0,'[0]','ENABLE',4,'','2021-07-16 14:08:41',NULL,1,NULL),(1415917121982554113,1415917009969471489,'kpzt','kpzt01','入账',0,'[0]','ENABLE',1,'','2021-07-16 14:12:03',NULL,1,NULL),(1415925022121910274,1415924905608339458,'zjzt','zjzt01','提折旧',0,'[0]','ENABLE',1,'','2021-07-16 14:43:27',NULL,1,NULL),(1415925120121823233,1415924905608339458,'zjzt','zjzt02','已完成折旧',0,'[0]','ENABLE',2,'','2021-07-16 14:43:50',NULL,1,NULL),(1415926453801443329,1415917396344561665,'zjfs','zjfs01','平均年限法',0,'[0]','ENABLE',1,'','2021-07-16 14:49:08',NULL,1,NULL),(1420220040210927617,1420219921625370625,'company_type','company_type_1','企业',0,'[0]','ENABLE',1,'','2021-07-28 11:10:19',NULL,1,NULL),(1420220134494687234,1420219921625370625,'company_type','company_type_2','物流-平台管理员',0,'[0]','ENABLE',2,'','2021-07-28 11:10:41',NULL,1,NULL),(1420220213276299265,1420219921625370625,'company_type','company_type_3','物流-现场管理员',0,'[0]','ENABLE',3,'','2021-07-28 11:11:00',NULL,1,NULL),(1420220302296207361,1420219921625370625,'company_type','company_type_4','物流-门卫管理员',0,'[0]','ENABLE',4,'','2021-07-28 11:11:21',NULL,1,NULL),(1422821664084127745,1422821417232560129,'vehicle_type','vehicle_normal','正常车型',0,'[0]','ENABLE',1,'','2021-08-04 15:28:14',NULL,1,NULL),(1422821765888274433,1422821417232560129,'vehicle_type','vehicle_long','加长车型',0,'[0]','ENABLE',2,'','2021-08-04 15:28:38',NULL,1,NULL),(1428240566704304130,1428236983992741890,'reserve_type','fix_type','固定供应商导入',0,'[0]','ENABLE',1,'固定供应商预约','2021-08-19 14:21:01','2021-08-27 09:35:51',1,1),(1428240828638588929,1428236983992741890,'reserve_type','free_type','非固定供应商预约',0,'[0]','ENABLE',2,'非固定供应商预约','2021-08-19 14:22:04',NULL,1,NULL),(1442401056431222786,1357220673597575169,'assets_type','gpsjsj','GPS接收机',0,'[0]','ENABLE',1,'','2021-09-27 16:09:45',NULL,1,NULL),(1442401138681524226,1357220673597575169,'assets_type','qzy','全站仪',0,'[0]','ENABLE',2,'','2021-09-27 16:10:05',NULL,1,NULL),(1442401285477969922,1357220673597575169,'assets_type','szy','水准仪',0,'[0]','ENABLE',3,'','2021-09-27 16:10:40',NULL,1,NULL),(1442401359306108929,1357220673597575169,'assets_type','tsj','台式机',0,'[0]','ENABLE',4,'','2021-09-27 16:10:57',NULL,1,NULL),(1442401520669372418,1357220673597575169,'assets_type','fyj','复印机',0,'[0]','ENABLE',5,'','2021-09-27 16:11:36',NULL,1,NULL),(1442401601745268737,1357220673597575169,'assets_type','hty','绘图仪',0,'[0]','ENABLE',6,'','2021-09-27 16:11:55',NULL,1,NULL),(1442401679583162370,1357220673597575169,'assets_type','wrj','无人机',0,'[0]','ENABLE',7,'','2021-09-27 16:12:14',NULL,1,NULL),(1442401757416861697,1357220673597575169,'assets_type','yp','硬盘',0,'[0]','ENABLE',8,'','2021-09-27 16:12:32',NULL,1,NULL),(1442401840120147969,1357220673597575169,'assets_type','fwq','服务器',0,'[0]','ENABLE',9,'','2021-09-27 16:12:52',NULL,1,NULL),(1442401926514421762,1357220673597575169,'assets_type','wlsb','网络设备',0,'[0]','ENABLE',10,'','2021-09-27 16:13:12',NULL,1,NULL),(1442402023428009985,1357220673597575169,'assets_type','smy','扫描仪',0,'[0]','ENABLE',11,'','2021-09-27 16:13:36',NULL,1,NULL),(1442402314512707586,1357220673597575169,'assets_type','gxtcy','管线探测仪',0,'[0]','ENABLE',12,'','2021-09-27 16:14:45',NULL,1,NULL),(1442402436621479937,1357220673597575169,'assets_type','xj','相机',0,'[0]','ENABLE',13,'','2021-09-27 16:15:14',NULL,1,NULL),(1442402514862026754,1357220673597575169,'assets_type','rj','软件',0,'[0]','ENABLE',14,'','2021-09-27 16:15:33',NULL,1,NULL),(1442402557056724994,1357220673597575169,'assets_type','qt','其他',0,'[0]','ENABLE',15,'','2021-09-27 16:15:43',NULL,1,NULL),(1443394675774484482,1443393120329428993,'assetsTypeYN','assetsTypeYN_01','GPS参考站',0,'[0]','ENABLE',0,'','2021-09-30 09:58:02','2021-10-08 08:28:49',1,1),(1443460974428999681,1357220673597575169,'assets_type','yyrj','应用软件',0,'[0]','ENABLE',16,'','2021-09-30 14:21:29',NULL,1,NULL),(1454998709899816962,1454997004701331458,'ownership','hospitalVehicles','院内车辆',0,'[0]','ENABLE',1,'院里车辆','2021-11-01 10:28:20','2021-11-01 10:28:42',1,1),(1454999005652774914,1454997004701331458,'ownership','rentalVehicles','租用车辆',0,'[0]','ENABLE',2,'租用租车公司的车辆','2021-11-01 10:29:30',NULL,1,NULL),(1454999445106782209,1454997004701331458,'ownership','emporaryVehicles','临时租用车辆',0,'[0]','ENABLE',3,'临时租用的车辆','2021-11-01 10:31:15',NULL,1,NULL),(1455066463144624129,1455066353488740354,'jyzmxx','91b','91本',0,'[0]','ENABLE',1,'91本','2021-11-01 14:57:33',NULL,1,NULL),(1455066505867804673,1455066353488740354,'jyzmxx','92b','92本',0,'[0]','ENABLE',2,'92本','2021-11-01 14:57:43',NULL,1,NULL),(1547421885995401218,1547421564451667970,'PERSON_TYPE_C','001','治安管理总队（维稳总队）',0,'[0]','ENABLE',1,'','2022-07-14 11:25:02','2022-07-15 10:35:01',1,-100),(1547422014307549185,1547421564451667970,'PERSON_TYPE_C','002','长春',0,'[0]','ENABLE',2,'','2022-07-14 11:25:33','2022-07-15 07:38:30',1,1),(1547422104673828865,1547421564451667970,'PERSON_TYPE_C','003','吉林',0,'[0]','ENABLE',3,'','2022-07-14 11:25:54','2022-07-15 07:38:35',1,1),(1547457933106470914,1547457843348365313,'BR_AREA','002','长春',0,'[0]','ENABLE',2,'2','2022-07-14 13:48:16','2022-07-15 09:58:19',1,-100),(1547458005756010498,1547457843348365313,'BR_AREA','003','吉林',0,'[0]','ENABLE',3,'','2022-07-14 13:48:34',NULL,1,NULL),(1547458761875775490,1547458352478150657,'BR_QB','0001','收缴枪爆物品（枪支）',0,'[0]','ENABLE',1,'','2022-07-14 13:51:34','2022-07-15 07:22:31',1,1),(1547458920223334401,1547458352478150657,'BR_QB','0002','收缴枪爆物品（弹药）',0,'[0]','ENABLE',3,'','2022-07-14 13:52:12','2022-07-15 07:22:24',1,1),(1547459112959991809,1547458352478150657,'BR_QB','0003','收缴枪爆物品（爆炸物）',0,'[0]','ENABLE',4,'','2022-07-14 13:52:58','2022-07-15 07:22:41',1,1),(1547459499888730113,1547458352478150657,'BR_QB','0006','打击涉枪爆犯罪（破获案件）',0,'[0]','ENABLE',6,'','2022-07-14 13:54:30','2022-07-15 07:22:52',1,1),(1547460812852682754,1547460648381440001,'BR_ZA_AJ','0001','当日受理',0,'[0]','ENABLE',1,'','2022-07-14 13:59:43',NULL,1,NULL),(1547460897439211522,1547460648381440001,'BR_ZA_AJ','0002','当日查处',0,'[0]','ENABLE',2,'','2022-07-14 14:00:03',NULL,1,NULL),(1547460985926443010,1547460648381440001,'BR_ZA_AJ','0003','累计受理',0,'[0]','ENABLE',3,'','2022-07-14 14:00:24','2022-07-15 07:24:05',1,1),(1547461064947130369,1547460648381440001,'BR_ZA_AJ','0004','累计处理',0,'[0]','ENABLE',4,'','2022-07-14 14:00:43','2022-07-15 07:24:16',1,1),(1547461457269743617,1547461236376723458,'BR_ZA_JT','001','当日交通事故',0,'[0]','ENABLE',1,'','2022-07-14 14:02:17',NULL,1,NULL),(1547461584302628865,1547461236376723458,'BR_ZA_JT','002','当日致人死亡事故',0,'[0]','ENABLE',2,'','2022-07-14 14:02:47','2022-07-15 07:24:37',1,1),(1547461676006891522,1547461236376723458,'BR_ZA_JT','003','当日死亡人数',0,'[0]','ENABLE',3,'','2022-07-14 14:03:09','2022-07-15 07:24:41',1,1),(1547461822983692290,1547461236376723458,'BR_ZA_JT','004','累计交通事故',0,'[0]','ENABLE',4,'','2022-07-14 14:03:44','2022-07-15 07:25:06',1,1),(1547462030102618113,1547461236376723458,'BR_ZA_JT','005','累计死亡交通事故',0,'[0]','ENABLE',5,'','2022-07-14 14:04:33','2022-07-15 07:25:01',1,1),(1547462138252746753,1547461236376723458,'BR_ZA_JT','007','累计死亡人数',0,'[0]','ENABLE',7,'','2022-07-14 14:04:59','2022-07-15 07:25:14',1,1),(1547462701455499265,1547462481552334850,'BR_JZ','0001','经济犯罪侦查总队',0,'[0]','ENABLE',1,'','2022-07-14 14:07:13','2022-07-15 10:37:30',1,-100),(1547462790714482689,1547462481552334850,'BR_JZ','0002','户政管理总队',0,'[0]','ENABLE',2,'','2022-07-14 14:07:34','2022-07-15 10:37:43',1,-100),(1547462879902162945,1547462481552334850,'BR_JZ','0003','内保总队',0,'[0]','ENABLE',3,'','2022-07-14 14:07:56','2022-07-14 14:08:03',1,1),(1547463005370572802,1547462481552334850,'BR_JZ','0004','反恐怖总队',0,'[0]','ENABLE',4,'','2022-07-14 14:08:26','2022-07-14 14:08:33',1,1),(1547465076371087361,1547464703640068097,'BR_XS','001','新型电信诈骗案件',0,'[0]','ENABLE',1,'','2022-07-14 14:16:39',NULL,1,NULL),(1547465159858708482,1547464703640068097,'BR_XS','002','命案',0,'[0]','ENABLE',2,'','2022-07-14 14:16:59',NULL,1,NULL),(1547465265718747137,1547464703640068097,'BR_XS','003','八类严重刑事案件',0,'[0]','ENABLE',3,'','2022-07-14 14:17:25',NULL,1,NULL),(1547465351186079746,1547464703640068097,'BR_XS','004','刑事案件',0,'[0]','ENABLE',4,'','2022-07-14 14:17:45','2022-07-14 14:18:50',1,1),(1547465956201848833,1547465780204658690,'BR_XS_PROCESS','001','当日破案',0,'[0]','ENABLE',1,'','2022-07-14 14:20:09','2022-07-15 07:26:15',1,1),(1547466030323589121,1547465780204658690,'BR_XS_PROCESS','002','当日立案',0,'[0]','ENABLE',2,'','2022-07-14 14:20:27','2022-07-15 07:26:11',1,1),(1547466126431870978,1547465780204658690,'BR_XS_PROCESS','003','累计破案',0,'[0]','ENABLE',3,'','2022-07-14 14:20:50','2022-07-15 07:26:30',1,1),(1547466215984455682,1547465780204658690,'BR_XS_PROCESS','005','累计立案',0,'[0]','ENABLE',5,'','2022-07-14 14:21:11','2022-07-15 07:26:41',1,1),(1547724513774096385,1547457843348365313,'BR_AREA','004','四平',0,'[0]','ENABLE',4,'','2022-07-15 07:27:34',NULL,1,NULL),(1547724513774096386,1547421564451667970,'PERSON_TYPE_C','004','四平',0,'[0]','ENABLE',4,'','2022-07-15 07:27:34',NULL,1,NULL),(1547724577334579201,1547457843348365313,'BR_AREA','005','辽源',0,'[0]','ENABLE',5,'','2022-07-15 07:27:49',NULL,1,NULL),(1547724577334579202,1547421564451667970,'PERSON_TYPE_C','005','辽源',0,'[0]','ENABLE',5,'','2022-07-15 07:27:49',NULL,1,NULL),(1547724641381601281,1547457843348365313,'BR_AREA','006','通化',0,'[0]','ENABLE',6,'','2022-07-15 07:28:04',NULL,1,NULL),(1547724641381601282,1547421564451667970,'PERSON_TYPE_C','006','通化',0,'[0]','ENABLE',6,'','2022-07-15 07:28:04',NULL,1,NULL),(1547724718556794881,1547457843348365313,'BR_AREA','007','白山',0,'[0]','ENABLE',7,'','2022-07-15 07:28:23',NULL,1,NULL),(1547724718556794882,1547421564451667970,'PERSON_TYPE_C','007','白山',0,'[0]','ENABLE',7,'','2022-07-15 07:28:23',NULL,1,NULL),(1547724806872059905,1547457843348365313,'BR_AREA','008','松原',0,'[0]','ENABLE',8,'','2022-07-15 07:28:44',NULL,1,NULL),(1547724806872059906,1547421564451667970,'PERSON_TYPE_C','008','松原',0,'[0]','ENABLE',8,'','2022-07-15 07:28:44',NULL,1,NULL),(1547724869748871170,1547457843348365313,'BR_AREA','009','白城',0,'[0]','ENABLE',9,'','2022-07-15 07:28:59',NULL,1,NULL),(1547724869748871171,1547421564451667970,'PERSON_TYPE_C','009','白城',0,'[0]','ENABLE',9,'','2022-07-15 07:28:59',NULL,1,NULL),(1547724951483273217,1547457843348365313,'BR_AREA','010','延边',0,'[0]','ENABLE',10,'','2022-07-15 07:29:18',NULL,1,NULL),(1547724951483273218,1547421564451667970,'PERSON_TYPE_C','010','延边',0,'[0]','ENABLE',10,'','2022-07-15 07:29:18',NULL,1,NULL),(1547725010773954562,1547457843348365313,'BR_AREA','011','梅河口',0,'[0]','ENABLE',11,'','2022-07-15 07:29:33',NULL,1,NULL),(1547725010773954563,1547421564451667970,'PERSON_TYPE_C','011','梅河口',0,'[0]','ENABLE',11,'','2022-07-15 07:29:33',NULL,1,NULL),(1547771605536149505,1547421564451667970,'PERSON_TYPE_C','012','森林',0,'[0]','ENABLE',12,'','2022-07-15 10:34:42','2022-07-15 10:35:06',-100,-100),(1547771867420102658,1547457843348365313,'BR_AREA','012','森林',0,'[0]','ENABLE',12,'','2022-07-15 10:35:44',NULL,-100,NULL),(1547772451271413762,1547462481552334850,'BR_JZ','0005','生态环境犯罪侦查总队',0,'[0]','ENABLE',5,'','2022-07-15 10:38:03',NULL,-100,NULL),(1547772508129398786,1547462481552334850,'BR_JZ','0006','网络安全保卫总队',0,'[0]','ENABLE',6,'','2022-07-15 10:38:17',NULL,-100,NULL),(1547772558935003137,1547462481552334850,'BR_JZ','0007','技术侦查总队',0,'[0]','ENABLE',7,'','2022-07-15 10:38:29',NULL,-100,NULL),(1547772614681497601,1547462481552334850,'BR_JZ','0008','图像侦查总队',0,'[0]','ENABLE',8,'','2022-07-15 10:38:42',NULL,-100,NULL),(1547772655873757185,1547462481552334850,'BR_JZ','0009','禁毒总队',0,'[0]','ENABLE',9,'','2022-07-15 10:38:52',NULL,-100,NULL),(1547772716053630978,1547462481552334850,'BR_JZ','0010','警务航空总队',0,'[0]','ENABLE',10,'','2022-07-15 10:39:06',NULL,-100,NULL),(1547772771863040001,1547462481552334850,'BR_JZ','0011','科技信息化处',0,'[0]','ENABLE',11,'','2022-07-15 10:39:20',NULL,-100,NULL),(1547772820361777153,1547462481552334850,'BR_JZ','0012','出入境管理局（国际合作局）',0,'[0]','ENABLE',12,'','2022-07-15 10:39:31',NULL,-100,NULL),(1547772862178988034,1547462481552334850,'BR_JZ','0013','交通管理局',0,'[0]','ENABLE',13,'','2022-07-15 10:39:41',NULL,-100,NULL),(1547772922249809921,1547462481552334850,'BR_JZ','0014','高速公路公安局',0,'[0]','ENABLE',14,'','2022-07-15 10:39:56',NULL,-100,NULL),(1547772959973380098,1547462481552334850,'BR_JZ','0015','刑事侦查局',0,'[0]','ENABLE',15,'','2022-07-15 10:40:05',NULL,-100,NULL),(1547773023462559746,1547462481552334850,'BR_JZ','0016','机场公安局',0,'[0]','ENABLE',16,'','2022-07-15 10:40:20',NULL,-100,NULL),(1547773079456518146,1547462481552334850,'BR_JZ','0017','长白山公安局',0,'[0]','ENABLE',17,'','2022-07-15 10:40:33',NULL,-100,NULL),(1547773126139121665,1547462481552334850,'BR_JZ','0018','森林警察总队',0,'[0]','ENABLE',18,'','2022-07-15 10:40:44',NULL,-100,NULL),(1552448391773163520,1443393120329428993,'assetsTypeYN','aaaa','aaaa',0,'[0]','ENABLE',1,NULL,'2022-07-28 08:18:34',NULL,1,NULL),(1552921746362527746,1552921658370224130,'taskLevel','0001','普通',0,'[0]','ENABLE',1,'','2022-07-29 15:39:31','2022-07-29 15:45:41',1,1),(1552921813731438594,1552921658370224130,'taskLevel','0002','重要',0,'[0]','ENABLE',2,'','2022-07-29 15:39:47','2022-07-29 15:45:36',1,1),(1574284027861409793,10000,NULL,'electronic_products_info','电子产品管理',0,'[0]','ENABLE',1,'','2022-09-26 14:25:36',NULL,1,NULL),(1574576645555527681,1574576420996685825,NULL,'industryNature_01','典当',0,'[0]','ENABLE',10,'','2022-09-27 09:48:21',NULL,1,NULL),(1574578903886241793,1574576420996685825,NULL,'industryNature_02','开锁',0,'[0]','ENABLE',20,'','2022-09-27 09:57:20',NULL,1,NULL),(1574579002586603521,1574576420996685825,NULL,'industryNature_03','旧手机',0,'[0]','ENABLE',1,'','2022-09-27 09:57:43','2022-09-27 09:57:54',1,1),(1574579201069457410,1574576420996685825,NULL,'industryNature_04','金银首饰加工置换',0,'[0]','ENABLE',40,'','2022-09-27 09:58:30',NULL,1,NULL),(1574581818609491970,1574581726305443842,NULL,'tradeType_1','回收',0,'[0]','ENABLE',1,'','2022-09-27 10:08:55',NULL,1,NULL),(1574581872854425601,1574581726305443842,NULL,'tradeType_2','卖出',0,'[0]','ENABLE',2,'','2022-09-27 10:09:07',NULL,1,NULL),(1574581933051076610,1574581726305443842,NULL,'tradeType_3','置换',0,'[0]','ENABLE',3,'','2022-09-27 10:09:22',NULL,1,NULL),(1574582399650619394,1574582323687579650,NULL,'productBrand_1','华为手机',0,'[0]','ENABLE',1,'','2022-09-27 10:11:13',NULL,1,NULL),(1574582450066153474,1574582323687579650,NULL,'productBrand_2','苹果手机',0,'[0]','ENABLE',2,'','2022-09-27 10:11:25',NULL,1,NULL),(1574582500796260353,1574582323687579650,NULL,'productBrand_3','小米手机',0,'[0]','ENABLE',3,'','2022-09-27 10:11:37',NULL,1,NULL),(1574583003965202433,1574579394674335745,NULL,'businessNature_01','个体工商户',0,'[0]','ENABLE',10,'','2022-09-27 10:13:37',NULL,1,NULL),(1574583105287004161,1574579394674335745,NULL,'businessNature_02','私营企业',0,'[0]','ENABLE',20,'','2022-09-27 10:14:01',NULL,1,NULL),(1574583193628172290,1574582921774358529,NULL,'color_1','黑色',0,'[0]','ENABLE',1,'','2022-09-27 10:14:22',NULL,1,NULL),(1574583230549893121,1574579394674335745,NULL,'businessNature_03','合伙企业',0,'[0]','ENABLE',30,'','2022-09-27 10:14:31',NULL,1,NULL),(1574583255456407553,1574582921774358529,NULL,'color_2','白色',0,'[0]','ENABLE',2,'','2022-09-27 10:14:37',NULL,1,NULL),(1574583356269961218,1574579394674335745,NULL,'businessNature_04','国有企业',0,'[0]','ENABLE',40,'','2022-09-27 10:15:01',NULL,1,NULL),(1574583518220427265,1574579394674335745,NULL,'businessNature_05','股份有限公司',0,'[0]','ENABLE',50,'','2022-09-27 10:15:40',NULL,1,NULL),(1574583584566665218,1574583508859478017,NULL,'source_1','自购',0,'[0]','ENABLE',1,'','2022-09-27 10:15:56',NULL,1,NULL),(1574583626744586241,1574583508859478017,NULL,'source_2','赠送',0,'[0]','ENABLE',2,'','2022-09-27 10:16:06',NULL,1,NULL),(1574583669090279425,1574583508859478017,NULL,'source_3','其他',0,'[0]','ENABLE',3,'','2022-09-27 10:16:16',NULL,1,NULL),(1574583675758485505,1574579394674335745,NULL,'businessNature_06','有限责任公司',0,'[0]','ENABLE',60,'','2022-09-27 10:16:17',NULL,1,NULL),(1574584492284616705,1574584327402332162,NULL,'safeRuleRemark_01','已建',0,'[0]','ENABLE',10,'','2022-09-27 10:19:32',NULL,1,NULL),(1574584592654311426,1574584327402332162,NULL,'safeRuleRemark_02','未建',0,'[0]','ENABLE',20,'','2022-09-27 10:19:56',NULL,1,NULL),(1574649206045863938,1574649093944700929,NULL,'1','长春市派出所',0,'[0]','ENABLE',10,'','2022-09-27 14:36:41','2022-09-27 14:36:46',1,1),(1574649369787297793,1574649093944700929,NULL,'2','长春市绿园区派出所',0,'[0]','ENABLE',20,'','2022-09-27 14:37:20',NULL,1,NULL),(1575286743558975490,1575286601544036353,NULL,'professonalRule_01','销售人员',0,'[0]','ENABLE',10,'','2022-09-29 08:50:02',NULL,1,NULL),(1575287848342843393,1575286601544036353,NULL,'professonalRule_02','管理人员',0,'[0]','ENABLE',20,'','2022-09-29 08:54:25','2022-09-29 08:54:32',1,1),(1579291777462976514,1579291671514857473,NULL,'0001','机构',0,'[0]','ENABLE',1,'机构','2022-10-10 10:04:36','2022-10-10 10:05:01',1,1),(1579291862343106562,1579291671514857473,NULL,'0002','个人',0,'[0]','ENABLE',2,'个人','2022-10-10 10:04:56',NULL,1,NULL),(1579291951497232385,1579291671514857473,NULL,'0003','基金',0,'[0]','ENABLE',4,'基金','2022-10-10 10:05:18',NULL,1,NULL),(1579292859018788866,1579292735291015170,NULL,'0001','国企',0,'[0]','ENABLE',1,'国企','2022-10-10 10:08:54',NULL,1,NULL),(1579292942770651138,1579292735291015170,NULL,'0002','私营',0,'[0]','ENABLE',2,'私营','2022-10-10 10:09:14',NULL,1,NULL),(1579321319435026433,1579321198362247170,NULL,'01','外资',0,'[0]','ENABLE',NULL,'1','2022-10-10 12:02:00',NULL,1,NULL),(1579321391103098882,1579321198362247170,NULL,'02','合资',0,'[0]','ENABLE',2,'2','2022-10-10 12:02:17',NULL,1,NULL),(1579321471965085697,1579321198362247170,NULL,'03','独资',0,'[0]','ENABLE',NULL,'独资','2022-10-10 12:02:36',NULL,1,NULL),(1580760646457245697,1580760508292677633,NULL,'certificateType_1','身份证',0,'[0]','ENABLE',1,'','2022-10-14 11:21:22',NULL,1,NULL),(1580760689864097794,1580760508292677633,NULL,'certificateType_2','警官证',0,'[0]','ENABLE',2,'','2022-10-14 11:21:32',NULL,1,NULL),(1580794643514146818,1580794555693809666,NULL,'nationality_1','中国',0,'[0]','ENABLE',1,'','2022-10-14 13:36:27',NULL,1,NULL),(1580794714527907842,1580794555693809666,NULL,'nationality_2','美国',0,'[0]','ENABLE',2,'','2022-10-14 13:36:44',NULL,1,NULL),(1580799638288482305,1580799554150744066,NULL,'certificateStatus_1','无',0,'[0]','ENABLE',1,'','2022-10-14 13:56:00',NULL,1,NULL),(1580799690776002562,1580799554150744066,NULL,'certificateStatus_3','过期',0,'[0]','ENABLE',3,'','2022-10-14 13:56:31',NULL,1,NULL),(1580799730982600705,1580799554150744066,NULL,'certificateStatus_2','正常',0,'[0]','ENABLE',2,'','2022-10-14 13:56:18',NULL,1,NULL),(1580801143736795138,1580800835950379009,NULL,'serviceType_01','酒店',0,'[0]','ENABLE',10,'','2022-10-14 14:02:17',NULL,1,NULL),(1580801222983974914,1580800835950379009,NULL,'serviceType_02','KTV',0,'[0]','ENABLE',NULL,'','2022-10-14 14:02:36',NULL,1,NULL),(1580802374022627330,1580802042404175873,NULL,'ssServiceType_01','全体',0,'[0]','ENABLE',NULL,'','2022-10-14 14:07:11',NULL,1,NULL),(1582191585190096898,1582191509902340097,NULL,'01','手枪',0,'[0]','ENABLE',1,'','2022-10-18 10:07:24',NULL,1,NULL),(1582191634632552450,1582191509902340097,NULL,'02','步枪',0,'[0]','ENABLE',2,'','2022-10-18 10:07:36',NULL,1,NULL),(1582257660699226114,1582257599927955457,NULL,'01','类型一',0,'[0]','ENABLE',1,'','2022-10-18 14:29:58',NULL,1,NULL),(1582257708791115777,1582257599927955457,NULL,'02','类型二',0,'[0]','ENABLE',2,'','2022-10-18 14:30:09',NULL,1,NULL),(1582257831508062210,1582257776873058306,NULL,'01','类型一',0,'[0]','ENABLE',1,'','2022-10-18 14:30:39',NULL,1,NULL),(1582257868644429825,1582257776873058306,NULL,'02','类型二',0,'[0]','ENABLE',2,'','2022-10-18 14:30:47',NULL,1,NULL),(1582257992359620609,1582257931135365121,NULL,'01','类型一',0,'[0]','ENABLE',1,'','2022-10-18 14:31:17',NULL,1,NULL),(1582258040464093185,1582257931135365121,NULL,'02','类型二',0,'[0]','ENABLE',2,'','2022-10-18 14:31:28',NULL,1,NULL),(1583373295286099970,10042,NULL,'02','地级市城区',0,'[0]','ENABLE',1,'','2022-10-21 16:23:06',NULL,1,NULL),(1583373351791763457,10042,NULL,'03','县级市城区',0,'[0]','ENABLE',2,'','2022-10-21 16:23:19',NULL,1,NULL),(1583373400919646210,10042,NULL,'04','乡镇,农村',0,'[0]','ENABLE',3,'','2022-10-21 16:23:31',NULL,1,NULL),(1585151900578778372,1585151900578778371,NULL,'A1','A1驾照',0,'[0]','ENABLE',1,'','2022-11-03 11:19:07',NULL,1,NULL),(1585151900578778373,1585151900578778371,NULL,'A2','A2驾照',0,'[0]','ENABLE',2,'','2022-11-03 11:19:21',NULL,1,NULL),(1585151900578778374,1585151900578778371,NULL,'A3','A3驾照',0,'[0]','ENABLE',3,'','2022-11-03 11:19:34',NULL,1,NULL),(1585151900578778375,1585151900578778371,NULL,'B1','B1驾照',0,'[0]','ENABLE',4,'','2022-11-03 11:19:50',NULL,1,NULL),(1585151900578778376,1585151900578778371,NULL,'B2','B2驾照',0,'[0]','ENABLE',5,'','2022-11-03 11:20:15',NULL,1,NULL),(1585151900578778377,1585151900578778371,NULL,'C1','C1驾照',0,'[0]','ENABLE',6,'','2022-11-03 11:21:07',NULL,1,NULL),(1585151900578778378,1585151900578778371,NULL,'C2','C2驾照',0,'[0]','ENABLE',7,'','2022-11-03 11:21:24',NULL,1,NULL),(1585151900578778379,1585151900578778371,NULL,'C3','C3驾照',0,'[0]','ENABLE',8,'','2022-11-03 11:21:35',NULL,1,NULL),(1585151900578778380,1585151900578778371,NULL,'C4','C4驾照',0,'[0]','ENABLE',9,'','2022-11-03 11:22:01',NULL,1,NULL),(1585151900578778381,1585151900578778371,NULL,'D','D驾照',0,'[0]','ENABLE',10,'','2022-11-03 11:22:34',NULL,1,NULL),(1585151900578778382,1585151900578778371,NULL,'E','E驾照',0,'[0]','ENABLE',11,'','2022-11-03 11:22:52',NULL,1,NULL),(1585151900578778383,1585151900578778371,NULL,'F','F驾照',0,'[0]','ENABLE',12,'','2022-11-03 11:23:10',NULL,1,NULL),(1585151900578778384,1585151900578778371,NULL,'M','M驾照',0,'[0]','ENABLE',13,'','2022-11-03 11:23:33',NULL,1,NULL),(1585151900578778385,1585151900578778371,NULL,'N','N驾照',0,'[0]','ENABLE',14,'','2022-11-03 11:23:49',NULL,1,NULL),(1585151900578778386,1585151900578778371,NULL,'P','P驾照',0,'[0]','ENABLE',15,'','2022-11-03 11:24:02',NULL,1,NULL),(1585151900578778388,1585151900578778387,NULL,'1','初级保安员',0,'[0]','ENABLE',1,'','2022-11-03 11:25:34',NULL,1,NULL),(1585151900578778389,1585151900578778387,NULL,'2','中级保安员',0,'[0]','ENABLE',2,'','2022-11-03 11:25:48',NULL,1,NULL),(1585151900578778390,1585151900578778387,NULL,'3','高级保安员',0,'[0]','ENABLE',3,'','2022-11-03 11:25:58',NULL,1,NULL),(1585151900578812571,1585151900578812570,NULL,'001','宽城区考场',0,'[0]','ENABLE',10,'','2022-11-08 11:10:46','2022-11-08 11:11:11',1579649524108943362,1579649524108943362),(1585151900578812572,1585151900578812570,NULL,'002','绿园区考场',0,'[0]','ENABLE',20,'','2022-11-08 11:11:04',NULL,1579649524108943362,NULL);

/*Table structure for table `sys_dict_type` */

DROP TABLE IF EXISTS `sys_dict_type`;

CREATE TABLE `sys_dict_type` (
  `dict_type_id` bigint NOT NULL COMMENT '字典类型id',
  `code` varchar(255) NOT NULL COMMENT '字典类型编码',
  `name` varchar(255) NOT NULL COMMENT '字典类型名称',
  `description` varchar(1000) DEFAULT NULL COMMENT '字典描述',
  `system_flag` char(1) CHARACTER SET utf8mb3 COLLATE utf8mb3_bin NOT NULL COMMENT '是否是系统字典，Y-是，N-否',
  `status` varchar(10) NOT NULL DEFAULT 'ENABLE' COMMENT '状态(字典)',
  `sort` int DEFAULT NULL COMMENT '排序',
  `create_time` datetime DEFAULT NULL COMMENT '添加时间',
  `create_user` bigint DEFAULT NULL COMMENT '创建人',
  `update_time` datetime DEFAULT NULL COMMENT '修改时间',
  `update_user` bigint DEFAULT NULL COMMENT '修改人',
  PRIMARY KEY (`dict_type_id`) USING BTREE
) ENGINE=InnoDB DEFAULT CHARSET=utf8mb3 ROW_FORMAT=DYNAMIC COMMENT='字典类型表';

/*Data for the table `sys_dict_type` */

insert  into `sys_dict_type`(`dict_type_id`,`code`,`name`,`description`,`system_flag`,`status`,`sort`,`create_time`,`create_user`,`update_time`,`update_user`) values (10042,'regionType','行政区类型',NULL,'N','ENABLE',10,'2022-05-12 14:24:41',1,'2022-05-12 14:24:41',1),(1106120208097067009,'SEX','性别分类','','Y','ENABLE',21,'2019-03-14 17:09:43',1,'2020-11-06 11:14:34',1),(1106120265689055233,'STATUS','状态','','Y','ENABLE',22,'2019-03-14 17:09:57',1,'2020-11-06 11:03:57',1),(1106120322450571266,'ACCOUNT_STATUS','账号状态','','Y','ENABLE',23,'2019-03-14 17:10:10',1,'2019-08-11 20:46:38',1),(1106120388036902914,'DEL_FLAG','是否删除','11','Y','ENABLE',24,'2019-03-14 17:10:26',1,'2020-11-06 11:03:45',1),(1149217131989069826,'SYSTEM_TYPE','系统分类','系统所有分类的维护','Y','ENABLE',25,'2019-07-11 15:21:30',1,'2019-08-11 20:46:47',1),(1160532704105742337,'FLOW_CATEGARY','工作流分类','工作流分类','Y','ENABLE',26,'2019-08-11 20:45:33',1,NULL,NULL),(1160532775455047681,'FLOW_KEY','工作流标识','工作流标识','Y','ENABLE',27,'2019-08-11 20:45:50',1,NULL,NULL),(1160532886713155585,'LEAVE_TYPE','请假类型','请假类型','Y','ENABLE',28,'2019-08-11 20:46:17',1,'2019-08-11 20:46:23',1),(1225019207840460802,'EDUCATION','学历分类','学历','Y','ENABLE',29,'2020-02-05 19:31:54',1,'2020-11-06 13:32:11',1),(1225239910443384833,'PERSONNELTYPE','人员分类','','Y','ENABLE',30,'2020-02-06 10:08:53',1,'2020-11-06 11:29:39',1),(1225240556991152129,'EMPLOYMENTFORM','用工形式','','Y','ENABLE',31,'2020-02-06 10:11:27',1,'2020-11-06 13:54:56',1),(1225241105346068482,'NATION','民族分类','','Y','ENABLE',32,'2020-02-06 10:13:38',1,'2020-11-06 11:14:41',1),(1225246152842805250,'ONJOBSTATE','员工状态','','Y','ENABLE',33,'2020-02-06 10:33:41',1,'2020-11-06 14:43:38',1),(1225246514005934081,'PERSONNELSOURCE','人员来源','','Y','ENABLE',34,'2020-02-06 10:35:08',1,'2020-11-06 14:33:57',1),(1225248463702982657,'DEGREEDESCRIBE','学位分类','','Y','ENABLE',35,'2020-02-06 10:42:52',1,'2020-11-06 13:56:41',1),(1231194622678306818,'postType','岗位性质','','Y','ENABLE',36,'2020-02-22 20:30:47',1,'2020-11-06 14:48:03',1),(1231194949716578306,'postLevel','岗位级别','','Y','ENABLE',37,'2020-02-22 20:32:05',1,'2020-11-06 14:21:41',1),(1235553223942402049,'connectionType','连接方式','','N','ENABLE',38,'2020-03-05 21:10:19',1,'2020-11-06 15:48:05',1),(1237355229545054209,'overtimeReason','加班原因','','Y','ENABLE',39,'2020-03-10 20:30:50',1,'2020-11-06 13:54:38',1),(1270555161778835457,'dingtalk_attendance_checkType','钉钉-考勤类型','钉钉考勤类型','N','ENABLE',40,'2020-06-10 11:15:31',1,NULL,NULL),(1270571157956673537,'dingtalk_attendance_locationResultValue','钉钉-位置结果','钉钉考勤的位置','N','ENABLE',42,'2020-06-10 12:19:05',1,NULL,NULL),(1270571773978296321,'dingtalk_attendance_sourceType','钉钉-数据来源','钉钉打卡的数据来源','N','ENABLE',43,'2020-06-10 12:21:32',1,NULL,NULL),(1280047426461868033,'marital_status','婚姻状况','','Y','ENABLE',44,'2020-07-06 15:54:23',1,'2020-11-06 11:02:31',1),(1280332781706604546,'vehicle','上下班交通工具','','Y','ENABLE',45,'2020-07-07 10:48:17',1,NULL,NULL),(1282974401392336898,'individual','个税扣除项','','Y','ENABLE',46,'2020-07-14 17:45:08',1,NULL,NULL),(1305758628935692290,'CONTRACT_NATURE','合同性质','如劳动人员、劳务人员等','N','ENABLE',47,NULL,NULL,'2020-11-06 14:59:25',1),(1308324980637380610,'positionName','职务名称','','Y','ENABLE',48,NULL,NULL,'2020-11-06 11:03:12',1),(1315933169330737153,'salary_fixed','定薪原因','定薪原因','N','ENABLE',49,'2020-10-13 16:31:31',1,'2020-11-06 11:03:36',1),(1318466055311118338,'RULE_TYPE','规则类型','','Y','ENABLE',50,'2020-10-20 16:16:18',1,'2020-11-06 13:54:49',1),(1319512861930278913,'emergency_degree','紧急程度','','Y','ENABLE',51,'2020-10-23 13:35:56',1,'2020-11-06 13:55:10',1),(1321355239537840130,'registeredResidence','户口性质','户口类型','N','ENABLE',52,'2020-10-28 15:36:53',1,'2020-11-05 16:17:25',1),(1321358082239959042,'bloodType','血型分类','血型','N','ENABLE',53,'2020-10-28 15:48:11',1,'2020-11-06 11:14:11',1),(1321358821687365633,'health','健康状况','健康状态','N','ENABLE',54,'2020-10-28 15:51:07',1,'2020-11-06 11:15:18',1),(1321359550913253378,'familyOrigin','家庭出身','家庭出身','N','ENABLE',55,'2020-10-28 15:54:01',1,'2020-11-06 11:19:12',1),(1321360117991542785,'individualStatus','个人成分','','N','ENABLE',56,'2020-10-28 15:56:16',1,'2020-11-06 11:29:31',1),(1321360504597319682,'politicalOutlook','政治面貌','','N','ENABLE',57,'2020-10-28 15:57:49',1,'2020-11-06 11:25:00',1),(1321619467221872642,'entryCategories','入职类别','','N','ENABLE',58,'2020-10-29 09:06:50',1,'2020-11-06 14:20:27',1),(1321619674651176962,'entryType','入职类型','','N','ENABLE',59,'2020-10-29 09:07:40',1,'2020-11-06 14:20:16',1),(1321640421289373698,'storageRoom','车间/库房','','N','ENABLE',60,'2020-10-29 10:30:06',1,'2020-11-06 14:56:38',1),(1321640822847844354,'workSection','工段分类','','N','ENABLE',61,'2020-10-29 10:31:42',1,'2020-11-06 14:56:28',1),(1321641121721364482,'team','所属班组','','N','ENABLE',62,'2020-10-29 10:32:53',1,'2020-11-06 11:03:16',1),(1321683724206616577,'jobTypeCompany','岗位工种','','N','ENABLE',63,'2020-10-29 13:22:10',1,'2020-11-06 15:04:31',1),(1321684406997364738,'jobCategoryCompany','本公司岗位类别','','N','ENABLE',64,'2020-10-29 13:24:53',1,'2020-12-12 15:46:44',1),(1321684968778248193,'officeLocation','办公地点','','N','ENABLE',65,'2020-10-29 13:27:07',1,'2020-11-06 15:06:54',1),(1323457403424952321,'accountScope','户口范围','','N','ENABLE',66,'2020-11-03 10:50:08',1,'2020-11-05 16:16:04',1),(1323552511271473153,'APPLY_STATUS','审批状态','','Y','ENABLE',67,'2020-11-03 17:08:04',1,'2020-11-06 13:55:03',1),(1323889820167909377,'recruitment_channels','招聘渠道','','N','ENABLE',68,'2020-11-04 15:28:24',1,'2020-11-04 15:29:27',1),(1324600147310354434,'sub_companies','所属公司','','N','ENABLE',69,'2020-11-06 14:31:00',1,NULL,NULL),(1324600858060333058,'cor_companices','所属代理服务单位','','N','ENABLE',70,'2020-11-06 14:33:49',1,'2020-12-12 15:10:28',1),(1324628506807443458,'type_education','受教育类型','','N','ENABLE',71,'2020-11-06 16:23:41',1,NULL,NULL),(1324629684760944642,'discipline','学科门类','','N','ENABLE',72,'2020-11-06 16:28:22',1,NULL,NULL),(1324630861103833089,'form_residence','居住形式','','N','ENABLE',73,'2020-11-06 16:33:03',1,NULL,NULL),(1325637642921357313,'schedule_type','考勤类型','排班管理-班组中考勤类型','N','ENABLE',74,'2020-11-09 11:13:38',1,NULL,NULL),(1325696066525958146,'notClockReason','未打卡原因','','Y','ENABLE',75,'2020-11-09 15:05:47',1,NULL,NULL),(1325696872184647682,'classes','未打卡班次','','Y','ENABLE',76,'2020-11-09 15:08:59',1,NULL,NULL),(1326398898423545857,'yesOrNot','是否','服务于人事管理中模块所有数据为是与否的字段导出导出时使用','N','ENABLE',77,'2020-11-11 13:38:35',1,'2020-11-12 14:28:51',1),(1328151640862515202,'attendanceType','加班规则','','Y','ENABLE',78,'2020-11-16 09:43:22',1,NULL,NULL),(1328539488585437185,'work_clock_limit','上班打卡限制时间','打卡限制时间多少个小时内','Y','ENABLE',79,'2020-11-17 11:24:32',1,'2020-12-02 15:01:54',1),(1328598866469617665,'overtime_min','加班最小计算时长','','Y','ENABLE',80,'2020-11-17 15:20:29',1,NULL,NULL),(1332538773165752321,'overtimeType','加班类型','','Y','ENABLE',81,'2020-11-28 12:16:16',1,NULL,NULL),(1332542269449486337,'compensateType','补偿方式','','Y','ENABLE',82,'2020-11-28 12:30:09',1,NULL,NULL),(1332543336245542914,'calculateRule','核算规则','加班规则用到','Y','ENABLE',83,'2020-11-28 12:34:23',1,NULL,NULL),(1332544168332541954,'minUnit','最小单位','加班规则用到','Y','ENABLE',84,'2020-11-28 12:37:42',1,NULL,NULL),(1332601348096172033,'leavelUnit','请假单位','','Y','ENABLE',85,'2020-11-28 16:24:55',1,NULL,NULL),(1332601999928762369,'leavelCalculateRule','请假顺延规则','','Y','ENABLE',86,'2020-11-28 16:27:30',1,NULL,NULL),(1332602504746803202,'overdraft','透支假期','','Y','ENABLE',87,'2020-11-28 16:29:30',1,NULL,NULL),(1333236270645288962,'dayAttendanceType','日考勤异常类型','','Y','ENABLE',88,'2020-11-30 10:27:52',1,NULL,NULL),(1333760326149632002,'dimissionReasonType','离职原因','','N','ENABLE',89,'2020-12-01 21:10:16',1,NULL,NULL),(1334030906527494145,'outwork_clock_limit','下班打卡限制','','Y','ENABLE',90,'2020-12-02 15:05:28',1,NULL,NULL),(1334071824326660098,'clock_mode','打卡方式','','N','ENABLE',91,'2020-12-02 17:48:03',1,NULL,NULL),(1334789544892420098,'attendance_week','考勤星期','考勤星期  班次使用','Y','ENABLE',92,'2020-12-04 17:20:01',1,NULL,NULL),(1335025024375558146,'morningOrAfternoon','上下午','','N','ENABLE',93,'2020-12-05 08:55:44',1,NULL,NULL),(1337587447891828738,'trainType','待岗培训类型','','N','ENABLE',94,'2020-12-12 10:37:53',1323808702651469825,NULL,NULL),(1348500058426613762,'DEPT_TYPE','部门类型','','N','ENABLE',95,'2021-01-11 13:20:43',1,NULL,NULL),(1356529088748896257,'user_train_type','用户培训类型','用户的培训类型，如教育培训等','N','ENABLE',1022,'2021-02-02 17:05:13',1347450264182661122,NULL,NULL),(1356763417177522178,'audit_level','审核状态','','N','ENABLE',1023,'2021-02-03 08:36:21',1347450264182661122,NULL,NULL),(1356769435859353601,'vehicleType','车辆类型','车辆类型','N','ENABLE',0,'2021-02-03 09:00:16',1,NULL,NULL),(1356862154910212097,'document_type','公文类型','','N','ENABLE',120,'2021-02-03 15:08:42',1,NULL,NULL),(1357156434414411778,'contract_type','合同类型','','N','ENABLE',42,'2021-02-04 10:38:03',1,NULL,NULL),(1357173454953787393,'identity_category','编制情况','','N','ENABLE',1025,'2021-02-04 11:45:41',1,'2021-05-20 14:23:20',1),(1357220673597575169,'assets_type','资产类别','','N','ENABLE',101,'2021-02-04 14:53:19',1,NULL,NULL),(1357879088336928769,'types','知识类型','','N','ENABLE',22,'2021-02-06 10:29:37',1,'2022-07-14 11:23:51',1),(1357922260584824834,'vehicleStatus','车辆状态','','N','ENABLE',0,'2021-02-06 13:21:11',1,NULL,NULL),(1364476130112684033,'PROJECT_SON_CATEGORY','工程子类','','N','ENABLE',1021,'2021-02-24 15:23:55',1,NULL,NULL),(1364479635724550145,'REGION_CODE','行政区','','N','ENABLE',1022,'2021-02-24 15:37:51',1,NULL,NULL),(1382526277346193409,'projectStatus','项目状态','','Y','ENABLE',120,'2021-04-15 10:48:45',1,NULL,NULL),(1386220756474056705,'documentCategory','技术文档分类','','N','ENABLE',120,'2021-04-25 15:29:18',1347450264182661122,NULL,NULL),(1390939230386786306,'workOrg','生产单位','生产单位','N','ENABLE',21,'2021-05-08 15:58:50',1,NULL,NULL),(1395558517204594690,'specification','规格','','N','ENABLE',NULL,'2021-05-21 09:54:13',1,NULL,NULL),(1405686047712268290,'busi_bz','币种','币种','Y','ENABLE',40,'2021-06-18 08:37:25',1,NULL,NULL),(1412667625814163457,'book_type','图书分类','','Y','ENABLE',21,'2021-07-07 14:59:43',1,NULL,NULL),(1415130215645372418,'wharf_type','码头类型','码头类型字典','N','ENABLE',21,'2021-07-14 10:05:10',1,NULL,NULL),(1415912454254878722,'assetsCode','资产国标大类','','N','ENABLE',1000,'2021-07-16 13:53:30',1,NULL,NULL),(1415915103599583234,'jzlx','价值类型','','N','ENABLE',10000,'2021-07-16 14:04:02',1,NULL,NULL),(1415915931186094082,'qdfs','取得方式','','N','ENABLE',10000,'2021-07-16 14:07:19',1,NULL,NULL),(1415917009969471489,'kpzt','卡片状态','','N','ENABLE',10000,'2021-07-16 14:11:36',1,NULL,NULL),(1415917396344561665,'zjfs','折旧方法','','N','ENABLE',10000,'2021-07-16 14:13:08',1,NULL,NULL),(1415924905608339458,'zjzt','折旧/摊销状态','','N','ENABLE',10000,'2021-07-16 14:42:59',1,NULL,NULL),(1420218690005749762,'company_status','企业状态','','Y','ENABLE',21,'2021-07-28 11:04:57',1,NULL,NULL),(1420219921625370625,'company_type','企业性质','','Y','ENABLE',21,'2021-07-28 11:09:50',1,NULL,NULL),(1420657411050905601,'reserve_status','预约状态','预约状态','N','ENABLE',21,'2021-07-29 16:08:16',1,NULL,NULL),(1422821417232560129,'vehicle_type','车辆类型','','N','ENABLE',21,'2021-08-04 15:27:15',1,NULL,NULL),(1428236983992741890,'reserve_type','预约类型','','N','ENABLE',21,'2021-08-19 14:06:47',1,NULL,NULL),(1443393120329428993,'assetsTypeYN','院内资产类别','','N','ENABLE',NULL,'2021-09-30 09:51:51',1,NULL,NULL),(1454997004701331458,'vehicleOwnership','车辆购买情况','','N','ENABLE',0,'2021-11-01 10:21:33',1,'2021-11-01 13:31:40',1),(1455066353488740354,'jyzmxx','加油账目信息','加油账目信息','Y','ENABLE',1,'2021-11-01 14:57:07',1,NULL,NULL),(1547421564451667970,'PERSON_TYPE_C','通讯录人员类别','通讯录人员类别','N','ENABLE',20,'2022-07-14 11:23:45',1,NULL,NULL),(1547457843348365313,'BR_AREA','百日行动区域','百日行动区域12','N','ENABLE',2,'2022-07-14 13:47:55',1,'2022-07-15 13:22:55',-100),(1547458352478150657,'BR_QB','百日行动枪爆','','N','ENABLE',3,'2022-07-14 13:49:56',1,NULL,NULL),(1547460648381440001,'BR_ZA_AJ','百日行动治安案件','','N','ENABLE',6,'2022-07-14 13:59:04',1,NULL,NULL),(1547461236376723458,'BR_ZA_JT','百日行动交通事故','','N','ENABLE',8,'2022-07-14 14:01:24',1,NULL,NULL),(1547462481552334850,'BR_JZ','百日行动警种','','N','ENABLE',9,'2022-07-14 14:06:21',1,NULL,NULL),(1547464703640068097,'BR_XS','百日行动刑事案件','','N','ENABLE',10,'2022-07-14 14:15:11',1,NULL,NULL),(1547465780204658690,'BR_XS_PROCESS','百日行动刑事结果类型','','N','ENABLE',12,'2022-07-14 14:19:27',1,NULL,NULL),(1552921658370224130,'taskLevel','等级','1','N','ENABLE',0,'2022-07-29 15:39:10',1,NULL,NULL),(1574576420996685825,'industryNature','行业性质','','N','ENABLE',1000,'2022-09-27 09:47:28',1,NULL,NULL),(1574579394674335745,'businessNature','经营性质','','N','ENABLE',1100,'2022-09-27 09:59:17',1,NULL,NULL),(1574581726305443842,'tradeType','交易类型','','N','ENABLE',1,'2022-09-27 10:08:33',1,NULL,NULL),(1574582323687579650,'productBrand','品牌','','N','ENABLE',2,'2022-09-27 10:10:55',1,NULL,NULL),(1574582921774358529,'color','颜色','','N','ENABLE',1,'2022-09-27 10:13:18',1,NULL,NULL),(1574583508859478017,'source','来源','','N','ENABLE',3,'2022-09-27 10:15:38',1,NULL,NULL),(1574584327402332162,'safeRuleRemark','是否建立','','N','ENABLE',1000,'2022-09-27 10:18:53',1,NULL,NULL),(1574649093944700929,'policeStationId','分局派出所','','Y','ENABLE',1000,'2022-09-27 14:36:14',1,NULL,NULL),(1575286601544036353,'professonalRule','岗位职责','','N','ENABLE',NULL,'2022-09-29 08:49:28',1,NULL,NULL),(1579291671514857473,'GDType','股东类型','股东类型1','N','ENABLE',0,'2022-10-10 10:04:11',1,'2023-06-06 10:21:48',NULL),(1579292735291015170,'JgCal','机构性质','机构性质','N','ENABLE',0,'2022-10-10 10:08:25',1,NULL,NULL),(1579321198362247170,'CompanyClass','企业类型','企业类型1','N','ENABLE',0,'2022-10-10 12:01:31',1,'2023-06-06 10:21:42',NULL),(1580760508292677633,'certificateType','证件类型','','N','ENABLE',11,'2022-10-14 11:20:49',1,NULL,NULL),(1580794555693809666,'nationality','国籍','','N','ENABLE',11,'2022-10-14 13:36:06',1,NULL,NULL),(1580799554150744066,'certificateStatus','保安证件状态','','N','ENABLE',11,'2022-10-14 13:55:58',1,NULL,NULL),(1580800835950379009,'serviceType','服务对象类型','','N','ENABLE',1000,'2022-10-14 14:01:04',1,NULL,NULL),(1580802042404175873,'ssServiceType','保安服务类型','','N','ENABLE',10000,'2022-10-14 14:05:51',1,NULL,NULL),(1582191509902340097,'GUN_TYPE','枪支类型','保安系统枪支型号','N','ENABLE',10,'2022-10-18 10:07:06',1,NULL,NULL),(1582257599927955457,'CAR_NO_TYPE','车号类型','','N','ENABLE',10,'2022-10-18 14:29:43',1,NULL,NULL),(1582257776873058306,'CAR_TYPE','运钞车产品分类','','N','ENABLE',10,'2022-10-18 14:30:26',1,NULL,NULL),(1582257931135365121,'CAR_PROTECT_LEVEL','运钞车防护级别','','N','ENABLE',10,'2022-10-18 14:31:02',1,NULL,NULL),(1585151900578778371,'driver_type','驾驶证类型','','N','ENABLE',10,'2022-11-03 11:18:22',1,NULL,NULL),(1585151900578778387,'security_staff_level','保安员等级','','N','ENABLE',10,'2022-11-03 11:25:07',1,NULL,NULL),(1585151900578812570,'exam_address','考试地点','','N','ENABLE',NULL,'2022-11-08 11:09:54',1579649524108943362,'2023-06-06 10:25:37',NULL);

/*Table structure for table `sys_error` */

DROP TABLE IF EXISTS `sys_error`;

CREATE TABLE `sys_error` (
  `id` bigint NOT NULL,
  `code` varchar(100) CHARACTER SET utf8mb4 COLLATE utf8mb4_unicode_ci DEFAULT NULL,
  `message` varchar(200) CHARACTER SET utf8mb4 COLLATE utf8mb4_unicode_ci DEFAULT NULL,
  `module` varchar(200) CHARACTER SET utf8mb4 COLLATE utf8mb4_unicode_ci DEFAULT NULL,
  `remark` varchar(500) CHARACTER SET utf8mb4 COLLATE utf8mb4_unicode_ci DEFAULT NULL,
  PRIMARY KEY (`id`) USING BTREE,
  UNIQUE KEY `idx_error_code` (`code`) USING BTREE
) ENGINE=InnoDB DEFAULT CHARSET=utf8mb4 COLLATE=utf8mb4_unicode_ci ROW_FORMAT=DYNAMIC;

/*Data for the table `sys_error` */

insert  into `sys_error`(`id`,`code`,`message`,`module`,`remark`) values (1,'account_already_exists','账号已存在','USER',NULL),(2,'id_number_already_exists','身份证号已存在','USER',NULL),(3,'phone_already_exists','手机号已存在','USER',NULL),(4,'employee_number_already_exists','员工工号已存在','USER',NULL),(5,'account_not_null','账号不能为空','USER',NULL),(6,'id_number_not_null','身份证号不能为空','USER',NULL),(7,'phone_not_null','手机号不能为空','USER',NULL),(8,'employee_number_not_null','员工工号不能为空','USER',NULL),(9,'CODE_ALREADY_EXISTS','行政区编码已存在','REGION',NULL),(1592688503647949650,'SS_EXAM_ERROR_1','存在未完成的考试，无法重复报名，如有疑问，请到户籍所在地派出所进行咨询','保安员考试',''),(1592688503647949651,'DATA_NOT_EXIST','数据不存在','COMMON',''),(1592688503647949652,'SS_EXAM_ERROR_2','考试报名的保安人员不在保安档案中，请先入职后在报名！','保安员考试',''),(1592688503647949653,'SS_EXAM_ERROR_3','不符合补考条件','保安员考试',''),(1592688503647949654,'NO_PERMISSION','没有权限','COMMON',''),(1592688503647949655,'OPERATOR_DATA_NULL','请选择要操作的数据','COMMON','');

/*Table structure for table `sys_file_business` */

DROP TABLE IF EXISTS `sys_file_business`;

CREATE TABLE `sys_file_business` (
  `id` bigint NOT NULL COMMENT '主键',
  `bus_sign` varchar(255) CHARACTER SET utf8mb4 COLLATE utf8mb4_unicode_ci DEFAULT NULL COMMENT '业务标识',
  `bus_id` bigint DEFAULT NULL COMMENT '业务id',
  `file_id` varchar(50) CHARACTER SET utf8mb4 COLLATE utf8mb4_unicode_ci DEFAULT NULL COMMENT '附件id',
  `delete_flag` int DEFAULT '0' COMMENT '删除标识，默认 0 逻辑删除 1',
  `create_time` datetime DEFAULT NULL COMMENT '创建时间',
  `create_user` bigint DEFAULT NULL COMMENT '创建用户',
  `update_time` datetime DEFAULT NULL COMMENT '更新时间',
  `update_user` bigint DEFAULT NULL COMMENT '更新用户',
  `pi_id` varchar(255) CHARACTER SET utf8mb4 COLLATE utf8mb4_unicode_ci DEFAULT NULL,
  PRIMARY KEY (`id`) USING BTREE,
  KEY `idx_bus` (`bus_sign`,`bus_id`) USING BTREE
) ENGINE=InnoDB DEFAULT CHARSET=utf8mb4 COLLATE=utf8mb4_unicode_ci ROW_FORMAT=DYNAMIC COMMENT='附件业务关系';

/*Data for the table `sys_file_business` */

/*Table structure for table `sys_file_info` */

DROP TABLE IF EXISTS `sys_file_info`;

CREATE TABLE `sys_file_info` (
  `file_id` varchar(50) NOT NULL COMMENT '主键id',
  `file_bucket` varchar(100) DEFAULT NULL COMMENT '文件仓库（oss仓库）',
  `file_name` varchar(100) NOT NULL COMMENT '文件名称',
  `file_suffix` varchar(50) DEFAULT NULL COMMENT '文件后缀',
  `file_size_kb` bigint DEFAULT NULL COMMENT '文件大小kb',
  `final_name` varchar(100) NOT NULL COMMENT '文件唯一标识id',
  `file_path` varchar(1000) DEFAULT NULL COMMENT '存储路径',
  `self_def1` varchar(256) DEFAULT NULL COMMENT '自定义1',
  `self_def2` varchar(256) DEFAULT NULL COMMENT '自定义2',
  `create_time` datetime DEFAULT NULL COMMENT '创建时间',
  `update_time` datetime DEFAULT NULL COMMENT '修改时间',
  `create_user` bigint DEFAULT NULL COMMENT '创建用户',
  `update_user` bigint DEFAULT NULL COMMENT '修改用户',
  PRIMARY KEY (`file_id`) USING BTREE
) ENGINE=InnoDB DEFAULT CHARSET=utf8mb3 ROW_FORMAT=DYNAMIC COMMENT='文件信息表';

/*Data for the table `sys_file_info` */

insert  into `sys_file_info`(`file_id`,`file_bucket`,`file_name`,`file_suffix`,`file_size_kb`,`final_name`,`file_path`,`self_def1`,`self_def2`,`create_time`,`update_time`,`create_user`,`update_user`) values ('1582548454561910785',NULL,'企业微信截图_16643323067085.png','png',88,'1582548454561910785.png','20221019/1582548454561910785.png',NULL,NULL,'2022-10-19 09:45:29',NULL,1,NULL),('1666363419915231234',NULL,'15367146917869444.jpg','jpg',36,'1666363419915231234.jpg','2023/06/07/1666363419915231234.jpg',NULL,NULL,'2023-06-07 16:36:14',NULL,NULL,NULL),('1666365523304206338',NULL,'bg_login2.png','png',21,'1666365523304206338.png','2023/06/07/1666365523304206338.png',NULL,NULL,'2023-06-07 16:44:35',NULL,NULL,NULL),('1666365728258871297',NULL,'15367146917869444.jpg','jpg',36,'1666365728258871297.jpg','2023/06/07/1666365728258871297.jpg',NULL,NULL,'2023-06-07 16:45:24',NULL,NULL,NULL),('1666365891232747521',NULL,'icon-right.png','png',3,'1666365891232747521.png','2023/06/07/1666365891232747521.png',NULL,NULL,'2023-06-07 16:46:03',NULL,NULL,NULL),('1666365939878285314',NULL,'15367146917869444.jpg','jpg',36,'1666365939878285314.jpg','2023/06/07/1666365939878285314.jpg',NULL,NULL,'2023-06-07 16:46:14',NULL,NULL,NULL),('1666366537679851522',NULL,'15367146917869444.jpg','jpg',36,'1666366537679851522.jpg','2023/06/07/1666366537679851522.jpg',NULL,NULL,'2023-06-07 16:48:37',NULL,NULL,NULL);

/*Table structure for table `sys_menu` */

DROP TABLE IF EXISTS `sys_menu`;

CREATE TABLE `sys_menu` (
  `menu_id` bigint NOT NULL COMMENT '主键id',
  `code` varchar(255) DEFAULT NULL COMMENT '菜单编号',
  `pcode` varchar(255) DEFAULT NULL COMMENT '菜单父编号',
  `pcodes` varchar(255) DEFAULT NULL COMMENT '当前菜单的所有父菜单编号',
  `name` varchar(255) DEFAULT NULL COMMENT '菜单名称',
  `icon` varchar(255) DEFAULT NULL COMMENT '菜单图标',
  `home_icon` varchar(255) DEFAULT NULL,
  `url` varchar(255) DEFAULT NULL COMMENT 'url地址',
  `sort` int NOT NULL COMMENT '菜单排序号',
  `levels` int DEFAULT NULL COMMENT '菜单层级',
  `menu_flag` varchar(32) DEFAULT NULL COMMENT '是否是菜单(字典)',
  `description` varchar(255) DEFAULT NULL COMMENT '备注',
  `status` varchar(32) DEFAULT 'ENABLE' COMMENT '菜单状态(字典)',
  `new_page_flag` varchar(32) DEFAULT NULL COMMENT '是否打开新页面的标识(字典)',
  `open_flag` varchar(32) DEFAULT NULL COMMENT '是否打开(字典)',
  `system_type` varchar(100) DEFAULT NULL COMMENT '系统分类(字典)',
  `create_time` datetime DEFAULT NULL COMMENT '创建时间',
  `update_time` datetime DEFAULT NULL COMMENT '修改时间',
  `create_user` bigint DEFAULT NULL COMMENT '创建人',
  `update_user` bigint DEFAULT NULL COMMENT '修改人',
  PRIMARY KEY (`menu_id`) USING BTREE
) ENGINE=InnoDB DEFAULT CHARSET=utf8mb3 ROW_FORMAT=DYNAMIC COMMENT='菜单表';

/*Data for the table `sys_menu` */

insert  into `sys_menu`(`menu_id`,`code`,`pcode`,`pcodes`,`name`,`icon`,`home_icon`,`url`,`sort`,`levels`,`menu_flag`,`description`,`status`,`new_page_flag`,`open_flag`,`system_type`,`create_time`,`update_time`,`create_user`,`update_user`) values (105,'system','0','[0],','系统管理','zmdi zmdi-settings',NULL,'#',9000,1,'Y',NULL,'ENABLE',NULL,'1','center',NULL,'2022-07-27 15:36:02',NULL,1),(106,'mgr','renshiguanli','[0],[renshiguanli],','员工信息','zmdi zmdi-pin-account',NULL,'/mgr',3,2,'Y',NULL,'ENABLE',NULL,'0','center',NULL,'2022-07-27 15:38:27',NULL,1),(107,'mgr_add','mgr','[0],[renshiguanli],[mgr],','添加用户','zmdi zmdi-star',NULL,'/mgr/add',1,3,'N',NULL,'ENABLE',NULL,'0','center',NULL,'2022-07-27 15:38:27',NULL,1),(108,'mgr_edit','mgr','[0],[renshiguanli],[mgr],','修改用户','zmdi zmdi-star',NULL,'/mgr/edit',2,3,'N',NULL,'ENABLE',NULL,'0','center',NULL,'2022-07-27 15:38:27',NULL,1),(109,'mgr_delete','mgr','[0],[renshiguanli],[mgr],','删除用户','zmdi zmdi-star',NULL,'/mgr/delete',3,3,'N',NULL,'ENABLE',NULL,'0','center',NULL,'2022-07-27 15:38:27',NULL,1),(110,'mgr_reset','mgr','[0],[renshiguanli],[mgr],','重置密码','zmdi zmdi-star',NULL,'/mgr/reset',4,3,'N',NULL,'ENABLE',NULL,'0','center',NULL,'2022-07-27 15:38:27',NULL,1),(111,'mgr_freeze','mgr','[0],[renshiguanli],[mgr],','冻结用户','zmdi zmdi-star',NULL,'/mgr/freeze',5,3,'N',NULL,'ENABLE',NULL,'0','center',NULL,'2022-07-27 15:38:27',NULL,1),(112,'mgr_unfreeze','mgr','[0],[renshiguanli],[mgr],','解除冻结用户','zmdi zmdi-star',NULL,'/mgr/unfreeze',6,3,'N',NULL,'ENABLE',NULL,'0','center',NULL,'2022-07-27 15:38:27',NULL,1),(113,'mgr_setRole','mgr','[0],[renshiguanli],[mgr],','分配角色','zmdi zmdi-star',NULL,'/mgr/setRole',7,3,'N',NULL,'ENABLE',NULL,'0','center',NULL,'2022-07-27 15:38:27',NULL,1),(119,'menu','system','[0],[system],','菜单管理','zmdi zmdi-star',NULL,'/menu',4,2,'Y',NULL,'ENABLE',NULL,'0','center',NULL,'2022-07-27 15:36:02',NULL,1),(120,'menu_add','menu','[0],[system],[menu],','添加菜单','zmdi zmdi-star',NULL,'/menu/add',1,3,'N',NULL,'ENABLE',NULL,'0','center',NULL,'2022-07-27 15:36:02',NULL,1),(121,'menu_edit','menu','[0],[system],[menu],','修改菜单','zmdi zmdi-star',NULL,'/menu/edit',2,3,'N',NULL,'ENABLE',NULL,'0','center',NULL,'2022-07-27 15:36:02',NULL,1),(122,'menu_remove','menu','[0],[system],[menu],','删除菜单','zmdi zmdi-star',NULL,'/menu/remove',3,3,'N',NULL,'ENABLE',NULL,'0','center',NULL,'2022-07-27 15:36:02',NULL,1),(130,'druid','dev_tools','[0],[dev_tools],','监控管理','zmdi zmdi-star',NULL,'/druid',60,2,'Y',NULL,'ENABLE',NULL,NULL,'center',NULL,'2022-09-15 15:46:12',NULL,1),(131,'dept','renshiguanli','[0],[renshiguanli],','部门管理','zmdi zmdi-folder-person',NULL,'/dept',1,2,'Y',NULL,'ENABLE',NULL,NULL,'center',NULL,'2022-07-27 15:38:27',NULL,1),(132,'dict','system','[0],[system],','字典管理','zmdi zmdi-star',NULL,'/dictType',6,2,'Y',NULL,'ENABLE',NULL,NULL,'center',NULL,'2022-07-27 15:36:02',NULL,1),(135,'dept_add','dept','[0],[renshiguanli],[dept],','添加部门','zmdi zmdi-star',NULL,'/dept/add',1,3,'N',NULL,'ENABLE',NULL,NULL,'center',NULL,'2022-07-27 15:38:27',NULL,1),(136,'dept_update','dept','[0],[renshiguanli],[dept],','修改部门','zmdi zmdi-star',NULL,'/dept/update',1,3,'N',NULL,'ENABLE',NULL,NULL,'center',NULL,'2022-07-27 15:38:27',NULL,1),(137,'dept_delete','dept','[0],[renshiguanli],[dept],','删除部门','zmdi zmdi-star',NULL,'/dept/delete',1,3,'N',NULL,'ENABLE',NULL,NULL,'center',NULL,'2022-07-27 15:38:27',NULL,1),(138,'dict_add','dict','[0],[system],[dict],','添加字典','zmdi zmdi-star',NULL,'/dictType/addItem',1,3,'N',NULL,'ENABLE',NULL,NULL,'center',NULL,'2022-07-27 15:36:02',NULL,1),(139,'dict_update','dict','[0],[system],[dict],','修改字典','zmdi zmdi-star',NULL,'/dictType/editItem',1,3,'N',NULL,'ENABLE',NULL,NULL,'center',NULL,'2022-07-27 15:36:02',NULL,1),(140,'dict_delete','dict','[0],[system],[dict],','删除字典','zmdi zmdi-star',NULL,'/dictType/delete',1,3,'N',NULL,'ENABLE',NULL,NULL,'center',NULL,'2022-07-27 15:36:02',NULL,1),(141,'notice','system','[0],[system],','通知管理','zmdi zmdi-star',NULL,'/notice',10,2,'N',NULL,'ENABLE',NULL,NULL,'center',NULL,'2022-07-27 15:36:02',NULL,1),(150,'to_menu_edit','menu','[0],[system],[menu],','菜单编辑跳转','zmdi zmdi-star',NULL,'/menu/menu_edit',4,3,'N',NULL,'ENABLE',NULL,NULL,'center',NULL,'2022-07-27 15:36:02',NULL,1),(151,'menu_list','menu','[0],[system],[menu],','菜单列表','zmdi zmdi-star',NULL,'/menu/list',5,3,'N',NULL,'ENABLE',NULL,NULL,'center',NULL,'2022-07-27 15:36:02',NULL,1),(152,'to_dept_update','dept','[0],[renshiguanli],[dept],','修改部门跳转','zmdi zmdi-star',NULL,'/dept/dept_update',4,3,'N',NULL,'ENABLE',NULL,NULL,'center',NULL,'2022-07-27 15:38:27',NULL,1),(153,'dept_list','dept','[0],[renshiguanli],[dept],','部门列表','zmdi zmdi-star',NULL,'/dept/list',5,3,'N',NULL,'ENABLE',NULL,NULL,'center',NULL,'2022-07-27 15:38:27',NULL,1),(154,'dept_detail','dept','[0],[renshiguanli],[dept],','部门详情','zmdi zmdi-star',NULL,'/dept/detail',6,3,'N',NULL,'ENABLE',NULL,NULL,'center',NULL,'2022-07-27 15:38:27',NULL,1),(155,'to_dict_edit','dict','[0],[system],[dict],','修改菜单跳转','zmdi zmdi-star',NULL,'/dict/dict_edit',4,3,'N',NULL,'ENABLE',NULL,NULL,'center',NULL,'2022-07-27 15:36:02',NULL,1),(156,'dict_list','dict','[0],[system],[dict],','字典列表','zmdi zmdi-star',NULL,'/dict/list',5,3,'N',NULL,'ENABLE',NULL,NULL,'center',NULL,'2022-07-27 15:36:02',NULL,1),(157,'dict_detail','dict','[0],[system],[dict],','字典详情','zmdi zmdi-star',NULL,'/dict/detail',6,3,'N',NULL,'ENABLE',NULL,NULL,'center',NULL,'2022-07-27 15:36:02',NULL,1),(166,'to_user_edit','mgr','[0],[renshiguanli],[mgr],','编辑用户跳转','zmdi zmdi-star',NULL,'/mgr/user_edit',9,3,'N',NULL,'ENABLE',NULL,NULL,'center',NULL,'2022-07-27 15:38:27',NULL,1),(167,'mgr_list','mgr','[0],[renshiguanli],[mgr],','用户列表','zmdi zmdi-star',NULL,'/mgr/list',10,3,'N',NULL,'ENABLE',NULL,NULL,'center',NULL,'2022-07-27 15:38:27',NULL,1),(171,'dev_tools','0','[0],','开发管理','zmdi zmdi-apps',NULL,'#',10000,1,'Y',NULL,'ENABLE',NULL,NULL,'center',NULL,'2021-03-02 15:28:44',NULL,1),(175,'SYS_CONFIG','dev_tools','[0],[dev_tools],','参数配置','zmdi zmdi-star',NULL,'/sysConfig',4,2,'Y','','ENABLE','','','center','2019-06-24 08:49:28','2023-06-06 10:31:30',1,NULL),(176,'system_info','dev_tools','[0],[dev_tools],','系统监控','zmdi zmdi-star',NULL,'/system/systemInfo',40,2,'Y',NULL,'ENABLE',NULL,NULL,'center','2019-07-13 16:14:49','2022-07-28 10:26:07',1,1),(177,'mar_show','mgr','[0],[renshiguanli],[mgr],','查看','zmdi zmdi-star',NULL,'/mgr/show',11,3,'N',NULL,'ENABLE',NULL,NULL,'center','2020-11-03 14:54:40','2022-07-27 15:38:27',1,1),(178,'supplement','mgr','[0],[renshiguanli],[mgr],','信息补充','zmdi zmdi-star',NULL,'/mgr/supplement',12,3,'N',NULL,'ENABLE',NULL,NULL,'center','2020-11-12 15:32:33','2022-07-27 15:38:27',1,1),(179,'renshiguanli','0','[0],','员工管理','zmdi zmdi-star',NULL,'#',100,1,'Y',NULL,'ENABLE',NULL,NULL,'center','2021-03-02 15:32:24','2022-07-27 15:38:27',1,1),(180,'mgrAdd','renshiguanli','[0],[renshiguanli],','员工登记','zmdi zmdi-star',NULL,'/mgr/user_add',2,2,'Y',NULL,'ENABLE',NULL,NULL,'center','2021-06-03 10:38:57','2022-07-27 15:38:27',1,1),(181,'work_platform','0','[0],','工作台','zmdi zmdi-folder-person',NULL,'#',1,1,'Y',NULL,'ENABLE',NULL,NULL,'center','2022-09-09 15:41:45','2022-11-22 08:20:56',1,1),(1665913743588007938,'roleManager','system','[0],[system],','角色管理','',NULL,'/role',5,2,'Y',NULL,'ENABLE',NULL,NULL,'center','2023-06-06 10:49:22',NULL,NULL,NULL);

/*Table structure for table `sys_notice` */

DROP TABLE IF EXISTS `sys_notice`;

CREATE TABLE `sys_notice` (
  `notice_id` bigint NOT NULL COMMENT '主键',
  `title` varchar(255) DEFAULT NULL COMMENT '标题',
  `content` text CHARACTER SET utf8mb3 COLLATE utf8mb3_bin COMMENT '内容',
  `create_time` datetime DEFAULT NULL COMMENT '创建时间',
  `create_user` bigint DEFAULT NULL COMMENT '创建人',
  `update_time` datetime DEFAULT NULL COMMENT '修改时间',
  `update_user` bigint DEFAULT NULL COMMENT '修改人',
  PRIMARY KEY (`notice_id`) USING BTREE
) ENGINE=InnoDB DEFAULT CHARSET=utf8mb3 ROW_FORMAT=DYNAMIC COMMENT='通知表';

/*Data for the table `sys_notice` */

/*Table structure for table `sys_person` */

DROP TABLE IF EXISTS `sys_person`;

CREATE TABLE `sys_person` (
  `id` bigint NOT NULL COMMENT '主键id',
  `account` varchar(255) CHARACTER SET utf8mb4 COLLATE utf8mb4_unicode_ci DEFAULT NULL COMMENT '登录名',
  `password` varchar(255) CHARACTER SET utf8mb4 COLLATE utf8mb4_unicode_ci DEFAULT NULL COMMENT '密码',
  `salt` varchar(255) CHARACTER SET utf8mb4 COLLATE utf8mb4_unicode_ci DEFAULT NULL COMMENT '密钥',
  `user_type` varchar(255) CHARACTER SET utf8mb4 COLLATE utf8mb4_unicode_ci DEFAULT NULL COMMENT '用户类型',
  `role` varchar(255) CHARACTER SET utf8mb4 COLLATE utf8mb4_unicode_ci DEFAULT NULL COMMENT '企业用户管理员或员工',
  `name` varchar(255) CHARACTER SET utf8mb4 COLLATE utf8mb4_unicode_ci DEFAULT NULL COMMENT '姓名',
  `card_type` varchar(255) CHARACTER SET utf8mb4 COLLATE utf8mb4_unicode_ci DEFAULT NULL COMMENT '证件类型',
  `card_no` varchar(255) CHARACTER SET utf8mb4 COLLATE utf8mb4_unicode_ci DEFAULT NULL COMMENT '证件号码',
  `phone` varchar(255) CHARACTER SET utf8mb4 COLLATE utf8mb4_unicode_ci DEFAULT NULL COMMENT '手机号',
  `avatar` varchar(255) CHARACTER SET utf8mb4 COLLATE utf8mb4_unicode_ci DEFAULT NULL COMMENT '头像',
  `system_code` varchar(255) CHARACTER SET utf8mb4 COLLATE utf8mb4_unicode_ci DEFAULT NULL COMMENT '所属子系统（center：中心管理员）',
  `company_id` bigint DEFAULT NULL COMMENT '所属企业',
  `police_station_id` bigint DEFAULT NULL COMMENT '所属派出所',
  `status` varchar(255) CHARACTER SET utf8mb4 COLLATE utf8mb4_unicode_ci DEFAULT NULL COMMENT '状态',
  `last_login_time` datetime DEFAULT NULL COMMENT '最后登录时间',
  `create_time` datetime DEFAULT NULL COMMENT '创建日期',
  PRIMARY KEY (`id`),
  KEY `idx_phone` (`phone`),
  KEY `idx_company_id` (`company_id`),
  KEY `idx_status` (`status`),
  KEY `idx_account` (`account`) USING BTREE,
  KEY `idx_card` (`card_no`,`card_type`),
  KEY `idx_system_code` (`system_code`)
) ENGINE=InnoDB DEFAULT CHARSET=utf8mb4 COLLATE=utf8mb4_unicode_ci COMMENT='自然人注册用户表';

/*Data for the table `sys_person` */

insert  into `sys_person`(`id`,`account`,`password`,`salt`,`user_type`,`role`,`name`,`card_type`,`card_no`,`phone`,`avatar`,`system_code`,`company_id`,`police_station_id`,`status`,`last_login_time`,`create_time`) values (1,'admin','76e6c927206cd5c872179a74e274431a','r3xm4','standard','manage','系统管理员','ID_CARD','0000000000000','00000000000',NULL,NULL,1,NULL,'ENABLE','2023-03-10 12:46:07','2000-01-01 00:00:00'),(2,'manager','76e6c927206cd5c872179a74e274431a','r3xm4','standard','manage','系统管理员','ID_CARD','0000000000000','00000000000',NULL,NULL,1,NULL,'ENABLE','2000-01-01 00:00:00','2000-01-01 00:00:00'),(100,'security','76e6c927206cd5c872179a74e274431a','r3xm4','standard','manage','安全保密员','ID_CARD','0000000000000','00000000000',NULL,NULL,1,NULL,'ENABLE','2022-11-11 09:51:51','2000-01-01 00:00:00'),(200,'audit','76e6c927206cd5c872179a74e274431a','r3xm4','standard','manage','安全审计员','ID_CARD','0000000000000','00000000000',NULL,NULL,1,NULL,'ENABLE','2022-10-17 10:02:15','2000-01-01 00:00:00'),(1576851024781717506,'222222222','4de84ac6dcca423a03c25c63f7cd52fe','99hsj','police','manager','22222222','ID_CARD','222222222222222222222222222','22222222222',NULL,NULL,NULL,NULL,'ENABLE','2022-10-03 16:25:55','2022-10-03 16:25:55'),(1577200577213042689,'qwe123','79bcc93fca1b533b273ff09598e34c9a','nb320','police','person','qwe123','ID_CARD','qwe123','13604448756',NULL,NULL,NULL,NULL,'ENABLE','2022-10-04 15:53:40','2022-10-04 15:53:40'),(1578613162172223488,'changpengcompany','97a9eda7b239c1ec6a58ee6307131bc7','ze3oa','company','manage','常鹏企业','ID_CARD','220103198501292711','13756093823','1578909861853167617','center',1578613162172223488,NULL,'ENABLE','2022-10-18 09:39:07','2022-10-08 13:08:02'),(1578615601635438593,'changpeng','7c6849611dab0ca38984b83a87e62e6e','im0ph','company','normal','常鹏','ID_CARD','220103198501292710','13756093823',NULL,'ss',1578613162172223488,NULL,'ENABLE','2022-10-13 16:13:46','2022-10-08 13:17:43'),(1578920755537121280,'cpss','76e6c927206cd5c872179a74e274431a','r3xm4','company','manage','常保安','ID_CARD','220103198501292715','13756093823','1578922062974472193','center',1578920755537121280,NULL,'ENABLE','2023-03-10 16:42:55','2022-10-09 09:30:18'),(1579023371965304832,'zhaoxun','195a808df2fe16ae3dbc738e4739972a','x8mwc','company','manage','周庆','ID_CARD','220106198210112110','13756881967',NULL,NULL,1579023371965304832,NULL,'ENABLE','2022-10-09 16:18:03','2022-10-09 16:18:03'),(1579299843988787200,'changpengcs','dc65590aa022dbca85731dd51a4bf2c3','1q6ep','company','manage','常鹏管理','ID_CARD','220103147852369852','13804568978',NULL,'center',1579299843988787200,NULL,'ENABLE','2022-10-10 10:37:00','2022-10-10 10:36:40'),(1579647031580827649,'dt001','2994c8b1441c58ba6723ea7325d2892b','d0x9z','police','manager','大厅人员','ID_CARD','000000198604052445','13678458956',NULL,NULL,NULL,NULL,'ENABLE','2023-03-10 16:25:55','2022-10-11 09:36:15'),(1579649524108943362,'sj001','5b79d88347832ba2b08ce7aede8c0276','n7o6b','police','manager','市局人员','ID_CARD','0000','0000',NULL,NULL,NULL,1534387612398215169,'ENABLE','2023-03-10 16:34:39','2022-10-11 09:46:10'),(1579649964695412737,'fj001','b7c67a699ccb58bfd02493fbf5d0da19','53fqj','police','manager','分局人员','ID_CARD','0000','0000',NULL,NULL,NULL,1542697369584312321,'ENABLE','2022-10-17 15:13:05','2022-10-11 09:47:55'),(1579702652789854208,'zhouqing','943d76a1e1af77879d34a3482dfeeff7','zmdfs','company','manage','尹婷','ID_CARD','220106198210112088','13756881967',NULL,'center',1579702652789854208,NULL,'ENABLE','2022-10-11 13:17:17','2022-10-11 13:17:17'),(1580081892181938176,'test123','55f93773f4abac5671e671a979bc9059','47qmg','company','manage','test123','ID_CARD','test123','13804568975',NULL,'center',1580081892181938176,NULL,'ENABLE','2022-11-28 16:18:56','2022-10-12 14:24:14'),(1580082819485278209,'222222222222222222','571e5fa19da1c221a98cc7b473b13667','drf47','company','normal','从业一号','ID_CARD','222222222222222222','14725836933',NULL,NULL,1579299843988787200,NULL,'ENABLE','2022-10-12 14:27:53','2022-10-12 14:27:53'),(1580436196340273152,'zzzz','ecc1aaad90384189d2d18000d2912925','6q5zw','company','manage','zzz','ID_CARD','220109168259882010','13722222222',NULL,'center',1580436196340273152,NULL,'ENABLE','2022-10-13 13:52:07','2022-10-13 13:52:07'),(1580448649441693698,'13756881966','be27212ab6255c89eb281fc787004373','e5y6e','person','normal','2222',NULL,'220165198242445210','13756881966',NULL,NULL,NULL,NULL,'ENABLE','2022-10-13 14:41:42','2022-10-13 14:41:42'),(1580465828283211778,'13756881999','2869d56cd084a43df268b1e38036cd3a','a41mp','company','normal','2222','ID_CARD','2220256195864112010','13756881999',NULL,'center',1580436196340273152,NULL,'ENABLE','2022-10-13 15:49:55','2022-10-13 15:49:55'),(1583274078981591040,'test1231','41e48e3745a65575ca82c7b70ad1cb9d','ubtfj','company','manage','test1231','ID_CARD','test1231','13804568975',NULL,'center',1583274078981591040,NULL,'ENABLE','2022-10-21 09:48:51','2022-10-21 09:48:51'),(1583274536483688448,'zhouq123','75c268ea839b7b8e4913a0ac29e85a7a','whpbt','company','manage','周庆','ID_CARD','220106198210112122','13756881967',NULL,'center',1583274536483688448,NULL,'ENABLE','2022-11-04 13:41:16','2022-10-21 09:50:40'),(1584726257684715274,'zhouq22','daa1cd1f3beea0007dba4d93de680517','9pgm9','company','manage','咋啊','ID_CARD','220155212222222222','13256666666',NULL,'center',1584726257684715274,NULL,'ENABLE','2022-10-25 15:35:30','2022-10-25 15:35:30'),(1584726257684716076,'zhouaa','40237b5bf37776eedf7498fb5282cc02','ttjkb','company','manage','阿斯顿','ID_CARD','221455444444444444','12333333333',NULL,'center',1584726257684716076,NULL,'ENABLE','2022-10-25 17:12:34','2022-10-25 17:12:34'),(1584726257684717674,'ceshi123','823c5639932850f8caf51fb39a049bf5','1h2n4','company','manage','ceshi123','ID_CARD','123456789123456789','12345687895',NULL,'center',1584726257684717674,NULL,'ENABLE','2022-10-25 19:11:36','2022-10-25 19:11:36'),(1584726257684717874,'ceshi123456','187b5df828c6c77b1a0dc618b85b377f','di23f','company','manage','ceshi123456','ID_CARD','123456789123456987','12354687895',NULL,'center',1584726257684717874,NULL,'ENABLE','2022-10-25 19:23:58','2022-10-25 19:23:58'),(1584726257684718074,'test789','29aab778e5ba44323cd48be3c664b009','6nkzr','company','manage','test789','ID_CARD','456879850112158558','12678957894',NULL,'center',1584726257684718074,NULL,'ENABLE','2022-10-26 07:53:21','2022-10-26 07:53:21'),(1584726257684718075,'person','76e6c927206cd5c872179a74e274431a','r3xm4','person','normal','个人','ID_CARD','220103198501294710','13756093823',NULL,NULL,NULL,NULL,'ENABLE','2022-11-16 15:33:10','2022-11-15 00:00:00'),(1592688503648028653,'test1234','f60077fb48a288a04241aa5b615a6169','pm67m','company','manage','test1234','ID_CARD','test1234','13804568975',NULL,'center',1592688503648028653,NULL,'ENABLE','2022-11-17 16:59:20','2022-11-17 16:49:52');

/*Table structure for table `sys_relation` */

DROP TABLE IF EXISTS `sys_relation`;

CREATE TABLE `sys_relation` (
  `relation_id` bigint NOT NULL COMMENT '主键',
  `menu_id` bigint DEFAULT NULL COMMENT '菜单id',
  `role_id` bigint DEFAULT NULL COMMENT '角色id',
  PRIMARY KEY (`relation_id`) USING BTREE
) ENGINE=InnoDB DEFAULT CHARSET=utf8mb3 ROW_FORMAT=DYNAMIC COMMENT='角色和菜单关联表';

/*Data for the table `sys_relation` */

insert  into `sys_relation`(`relation_id`,`menu_id`,`role_id`) values (1585151900578782015,1665913743588007938,1),(1585151900578786371,181,1),(1585151900578786374,179,1),(1585151900578786375,131,1),(1585151900578786376,135,1),(1585151900578786377,136,1),(1585151900578786378,137,1),(1585151900578786379,152,1),(1585151900578786380,153,1),(1585151900578786381,154,1),(1585151900578786382,180,1),(1585151900578786383,106,1),(1585151900578786384,107,1),(1585151900578786385,108,1),(1585151900578786386,109,1),(1585151900578786387,110,1),(1585151900578786388,111,1),(1585151900578786389,112,1),(1585151900578786390,113,1),(1585151900578786391,166,1),(1585151900578786392,167,1),(1585151900578786393,177,1),(1585151900578786394,178,1),(1585151900578786395,105,1),(1585151900578786397,119,1),(1585151900578786398,120,1),(1585151900578786399,121,1),(1585151900578786400,122,1),(1585151900578786401,150,1),(1585151900578786402,151,1),(1585151900578786403,132,1),(1585151900578786404,138,1),(1585151900578786405,139,1),(1585151900578786406,140,1),(1585151900578786407,155,1),(1585151900578786408,156,1),(1585151900578786409,157,1),(1585151900578786412,141,1),(1585151900578786413,171,1),(1585151900578786414,175,1),(1585151900578786415,176,1),(1585151900578786416,130,1),(1666751593023860737,181,20),(1666751593502011394,105,20),(1666751593502011395,119,20),(1666751593510400002,120,20),(1666751593510400003,121,20),(1666751593510400004,122,20),(1666751593510400005,150,20),(1666751593510400006,151,20),(1666751593510400007,141,20);

/*Table structure for table `sys_role` */

DROP TABLE IF EXISTS `sys_role`;

CREATE TABLE `sys_role` (
  `role_id` bigint NOT NULL COMMENT '主键id',
  `pid` bigint DEFAULT NULL COMMENT '父角色id',
  `name` varchar(255) DEFAULT NULL COMMENT '角色名称',
  `description` varchar(255) DEFAULT NULL COMMENT '提示',
  `sort` int DEFAULT NULL COMMENT '序号',
  `version` int DEFAULT NULL COMMENT '乐观锁',
  `create_time` datetime DEFAULT NULL COMMENT '创建时间',
  `update_time` datetime DEFAULT NULL COMMENT '修改时间',
  `create_user` bigint DEFAULT NULL COMMENT '创建用户',
  `update_user` bigint DEFAULT NULL COMMENT '修改用户',
  `plugins_id` varchar(255) DEFAULT NULL COMMENT '第三方id，如钉钉等',
  PRIMARY KEY (`role_id`) USING BTREE
) ENGINE=InnoDB DEFAULT CHARSET=utf8mb3 ROW_FORMAT=DYNAMIC COMMENT='角色表';

/*Data for the table `sys_role` */

insert  into `sys_role`(`role_id`,`pid`,`name`,`description`,`sort`,`version`,`create_time`,`update_time`,`create_user`,`update_user`,`plugins_id`) values (1,0,'超级管理员','administrator',1,1,NULL,'2022-09-23 12:41:45',NULL,1,NULL),(20,0,'备案审批角色','备案审批角色',2,NULL,'2022-10-12 16:43:25',NULL,100,NULL,NULL);

/*Table structure for table `sys_user` */

DROP TABLE IF EXISTS `sys_user`;

CREATE TABLE `sys_user` (
  `user_id` bigint NOT NULL COMMENT '主键id',
  `user_type` varchar(64) DEFAULT NULL COMMENT '类型',
  `avatar` varchar(255) DEFAULT NULL COMMENT '头像',
  `account` varchar(50) DEFAULT NULL COMMENT '账号',
  `password` varchar(50) DEFAULT NULL COMMENT '密码',
  `salt` varchar(50) DEFAULT NULL COMMENT 'md5密码盐',
  `name` varchar(50) DEFAULT NULL COMMENT '名字',
  `card_type` varchar(50) DEFAULT NULL,
  `card_no` varchar(200) DEFAULT NULL,
  `phone` varchar(50) CHARACTER SET utf8mb3 COLLATE utf8mb3_general_ci DEFAULT NULL COMMENT '电话',
  `dept_id` bigint DEFAULT NULL COMMENT '部门id(多个逗号隔开)',
  `update_pwd_date` datetime DEFAULT NULL COMMENT '密码修改日期',
  `status` varchar(32) DEFAULT NULL COMMENT '状态(字典)',
  `version` int DEFAULT NULL COMMENT '乐观锁',
  `create_time` datetime DEFAULT NULL COMMENT '创建时间',
  `create_user` bigint DEFAULT NULL COMMENT '创建人',
  `create_dept` bigint DEFAULT NULL COMMENT '创建时所在部门',
  `update_time` datetime DEFAULT NULL COMMENT '更新时间',
  `update_user` bigint DEFAULT NULL COMMENT '更新人',
  `id_type` varchar(100) DEFAULT NULL,
  `dt` varchar(64) DEFAULT NULL,
  PRIMARY KEY (`user_id`) USING BTREE,
  KEY `user_dept_id_idx` (`dept_id`) USING BTREE,
  KEY `idx_status` (`status`) USING BTREE
) ENGINE=InnoDB DEFAULT CHARSET=utf8mb3 ROW_FORMAT=DYNAMIC COMMENT='管理员表';

/*Data for the table `sys_user` */

insert  into `sys_user`(`user_id`,`user_type`,`avatar`,`account`,`password`,`salt`,`name`,`card_type`,`card_no`,`phone`,`dept_id`,`update_pwd_date`,`status`,`version`,`create_time`,`create_user`,`create_dept`,`update_time`,`update_user`,`id_type`,`dt`) values (1,'admin','','admin','76e6c927206cd5c872179a74e274431a','r3xm4','管理员','ID_CARD','0000','0000',1,NULL,'ENABLE',NULL,'2022-10-11 09:36:15',1,1534387612398215169,'2022-10-11 09:52:49',1,NULL,'Y');

/*Table structure for table `sys_user_role` */

DROP TABLE IF EXISTS `sys_user_role`;

CREATE TABLE `sys_user_role` (
  `relation_id` bigint NOT NULL COMMENT '主键',
  `user_id` bigint DEFAULT NULL COMMENT '用户id',
  `role_id` bigint DEFAULT NULL COMMENT '角色id',
  PRIMARY KEY (`relation_id`) USING BTREE,
  KEY `auth_user_id_idx` (`user_id`) USING BTREE,
  KEY `auth_role_id_idx` (`role_id`) USING BTREE
) ENGINE=InnoDB DEFAULT CHARSET=utf8mb3 COLLATE=utf8mb3_bin ROW_FORMAT=DYNAMIC COMMENT='用户和角色关联表';

/*Data for the table `sys_user_role` */

insert  into `sys_user_role`(`relation_id`,`user_id`,`role_id`) values (1552957960624984066,1,1),(1666276415286325250,1666273041883090945,20);

/*Table structure for table `test_order` */

DROP TABLE IF EXISTS `test_order`;

CREATE TABLE `test_order` (
  `id` bigint DEFAULT NULL,
  `product_id` bigint DEFAULT NULL,
  `count` int DEFAULT NULL,
  `create_time` datetime DEFAULT NULL
) ENGINE=InnoDB DEFAULT CHARSET=utf8mb4 COLLATE=utf8mb4_unicode_ci;

/*Data for the table `test_order` */

insert  into `test_order`(`id`,`product_id`,`count`,`create_time`) values (1220624386,1,222,'2023-06-06 14:54:24');

/* Function  structure for function  `F_GET_DEPT_CHILDREN` */

/*!50003 DROP FUNCTION IF EXISTS `F_GET_DEPT_CHILDREN` */;
DELIMITER $$

/*!50003 CREATE DEFINER=`root`@`%` FUNCTION `F_GET_DEPT_CHILDREN`(deptId VARCHAR(50)) RETURNS text CHARSET utf8mb3
    DETERMINISTIC
BEGIN

	DECLARE deptIds TEXT;

	DECLARE deptIdsTmp TEXT;

	SET deptIds = NULL;

	IF ISNULL(deptId)

	THEN

		SET deptIds = '';

	ELSE

		SET deptIdsTmp = CAST(deptId AS CHAR);

		SELECT GROUP_CONCAT(dept_id) INTO deptIdsTmp FROM sys_dept

			WHERE FIND_IN_SET(pid,deptIdsTmp)>0 ;

		WHILE deptIdsTmp IS NOT NULL DO

			IF ISNULL(deptIds)

				THEN

					SET deptIds = deptIdsTmp;

				ELSE

					SET deptIds = CONCAT_WS(',',deptIds,deptIdsTmp);

			END IF;

			SELECT GROUP_CONCAT(dept_id) INTO deptIdsTmp FROM sys_dept

			WHERE FIND_IN_SET(pid,deptIdsTmp)>0 ;

		END WHILE;

	END IF;

	RETURN deptIds;

    END */$$
DELIMITER ;

/* Function  structure for function  `F_GET_DEPT_TREE` */

/*!50003 DROP FUNCTION IF EXISTS `F_GET_DEPT_TREE` */;
DELIMITER $$

/*!50003 CREATE DEFINER=`root`@`%` FUNCTION `F_GET_DEPT_TREE`(deptId VARCHAR(50)) RETURNS text CHARSET utf8mb3
    DETERMINISTIC
BEGIN

	DECLARE deptIds TEXT;

	DECLARE deptIdsTmp TEXT;

	SET deptIds = NULL;

	IF ISNULL(deptId)

	THEN

		SET deptIds = '';

	ELSE

		SET deptIdsTmp = CAST(deptId AS CHAR);

		WHILE deptIdsTmp IS NOT NULL DO

			IF ISNULL(deptIds)

				THEN

					SET deptIds = deptIdsTmp;

				ELSE

					SET deptIds = CONCAT_WS(',',deptIds,deptIdsTmp);

			END IF;

			SELECT GROUP_CONCAT(dept_id) INTO deptIdsTmp FROM sys_dept

			WHERE FIND_IN_SET(pid,deptIdsTmp)>0 ;

		END WHILE;

	END IF;

	RETURN deptIds;

    END */$$
DELIMITER ;

/*!40101 SET SQL_MODE=@OLD_SQL_MODE */;
/*!40014 SET FOREIGN_KEY_CHECKS=@OLD_FOREIGN_KEY_CHECKS */;
/*!40014 SET UNIQUE_CHECKS=@OLD_UNIQUE_CHECKS */;
/*!40111 SET SQL_NOTES=@OLD_SQL_NOTES */;
